B,L,D,C1 Load,R1 Resistance,C2 Load,R2 Resistance,Volume,Price
0.81,0.82,4,591.02694,623.9111958,460.4644,460.8325685,0.3321,38191.5
0.79,0.85,4,591.83505,625.1410152,461.063,461.877868,0.33575,38611.25
0.8,0.84,4,591.8904,627.8216991,461.104,463.8040708,0.336,38640
0.81,0.83,4,591.92361,630.3715705,461.1286,465.6322647,0.33615,38657.25
0.82,0.82,3.95,591.02694,624.8333174,460.4644,461.486541,0.3362,38663
0.82,0.82,4,591.93468,632.7906297,461.1368,467.3624498,0.3362,38663
0.77,0.88,4,592.51032,625.5285545,461.5632,462.2941103,0.3388,38962
0.78,0.87,4,592.62102,628.5506207,461.6452,464.4755862,0.3393,39019.5
0.79,0.86,4,592.70958,631.4418745,461.7108,466.5590532,0.3397,39065.5
0.8,0.85,3.95,591.858,626.2272918,461.08,462.6537799,0.34,39100
0.8,0.85,4,592.776,634.2023161,461.76,468.5445115,0.34,39100
0.81,0.84,3.95,591.90174,628.8238379,461.1124,464.5174842,0.3402,39123
0.81,0.84,4,592.82028,636.8319452,461.7928,470.4319609,0.3402,39123
0.82,0.83,3.95,591.92361,631.2912161,461.1286,466.2844115,0.3403,39134.5
0.82,0.83,4,592.84242,639.3307621,461.8092,472.2214015,0.3403,39134.5
0.75,0.91,4,593.05275,625.0738134,461.965,462.0812953,0.34125,39243.75
0.76,0.9,4,593.2188,628.437262,462.088,464.5180443,0.342,39330
0.77,0.89,4,593.36271,631.6698983,462.1946,466.8567845,0.34265,39404.75
0.78,0.88,3.95,592.55784,626.7895757,461.5984,463.1998684,0.3432,39468
0.78,0.88,4,593.48448,634.7717222,462.2848,469.0975159,0.3432,39468
0.79,0.87,3.95,592.656255,629.7232122,461.6713,465.3156373,0.34365,39519.75
0.79,0.87,4,593.58411,637.7427338,462.3586,471.2402384,0.34365,39519.75
0.8,0.86,3.9,591.804,624.4724287,461.04,461.3843062,0.344,39560
0.8,0.86,3.95,592.7328,632.5276809,461.728,467.3346292,0.344,39560
0.8,0.86,4,593.6616,640.582933,462.416,473.2849522,0.344,39560
0.74,0.93,4,593.68374,627.4816232,462.4324,463.9314452,0.3441,39571.5
0.81,0.85,3.9,591.858,627.1136436,461.08,463.2820311,0.34425,39588.75
0.81,0.85,3.95,592.787475,635.2029818,461.7685,469.2568441,0.34425,39588.75
0.81,0.85,4,593.71695,643.2923199,462.457,475.2316571,0.34425,39588.75
0.82,0.84,3.9,591.8904,629.6273353,461.104,465.0842109,0.3444,39606
0.82,0.84,3.95,592.82028,637.7491149,461.7928,471.0822821,0.3444,39606
0.82,0.84,4,593.75016,645.8708945,462.4816,477.0803532,0.3444,39606
0.83,0.83,3.85,590.971185,623.8609272,460.4231,460.770748,0.34445,39611.75
0.83,0.83,3.9,591.9012,632.0135037,461.112,466.7908455,0.34445,39611.75
0.83,0.83,3.95,592.831215,640.1660802,461.8009,472.810943,0.34445,39611.75
0.83,0.83,4,593.76123,648.3186567,462.4898,478.8310405,0.34445,39611.75
0.75,0.92,4,593.883,631.0556419,462.58,466.5254585,0.345,39675
0.72,0.96,4,594.01584,625.6837042,462.6784,462.7157887,0.3456,39744
0.76,0.91,3.95,593.12646,626.5201691,462.0196,463.1248065,0.3458,39767
0.76,0.91,4,594.06012,634.4988482,462.7112,469.021463,0.3458,39767
0.77,0.9,3.95,593.27955,629.7908959,462.133,465.49264,0.3465,39847.5
0.77,0.9,4,594.2151,637.8112422,462.826,471.4194587,0.3465,39847.5
0.73,0.95,4,594.27045,629.5991052,462.867,465.5650752,0.34675,39876.25
0.78,0.89,3.9,592.4736,624.8720863,461.536,461.8079474,0.3471,39916.5
0.78,0.89,3.95,593.41077,632.932455,462.2302,467.7636965,0.3471,39916.5
0.78,0.89,4,594.34794,640.9928238,462.9244,473.7194456,0.3471,39916.5
0.79,0.88,3.9,592.5816,627.8460996,461.616,463.9545283,0.3476,39974
0.79,0.88,3.95,593.52012,635.9448464,462.3112,469.937976,0.3476,39974
0.79,0.88,4,594.45864,644.0435931,463.0064,475.9214236,0.3476,39974
0.74,0.94,3.95,593.56386,625.4190718,462.3436,462.4285941,0.3478,39997
0.74,0.94,4,594.50292,633.3836939,463.0392,468.3163528,0.3478,39997
0.71,0.98,4,594.52506,627.3002884,463.0556,463.9756346,0.3479,40008.5
0.8,0.87,3.9,592.668,630.6925898,461.68,466.0055641,0.348,40020
0.8,0.87,3.95,593.6076,638.8280699,462.376,472.0154785,0.348,40020
0.8,0.87,4,594.5472,646.96355,463.072,478.0253929,0.348,40020
0.81,0.86,3.85,591.79239,625.2409877,461.0314,461.9259055,0.3483,40054.5
0.81,0.86,3.9,592.7328,633.4115567,461.728,467.9610548,0.3483,40054.5
0.81,0.86,3.95,593.67321,641.5821257,462.4246,473.996204,0.3483,40054.5
0.81,0.86,4,594.61362,649.7526947,463.1212,480.0313533,0.3483,40054.5
0.82,0.85,3.85,591.83505,627.7989871,461.063,463.7618479,0.3485,40077.5
0.82,0.85,3.9,592.776,636.0030004,461.76,469.8210003,0.3485,40077.5
0.82,0.85,3.95,593.71695,644.2070136,462.457,475.8801526,0.3485,40077.5
0.82,0.85,4,594.6579,652.4110269,463.154,481.9393049,0.3485,40077.5
0.83,0.84,3.85,591.85638,630.2311078,461.0788,465.503477,0.3486,40089
0.83,0.84,3.9,592.7976,638.4669208,461.776,471.5854006,0.3486,40089
0.83,0.84,3.95,593.73882,646.7027338,462.4732,477.6673242,0.3486,40089
0.83,0.84,4,594.68004,654.9385469,463.1704,483.7492478,0.3486,40089
0.75,0.93,3.95,593.771625,629.0268891,462.4975,465.0484922,0.34875,40106.25
0.75,0.93,4,594.71325,637.0374703,463.195,470.9696216,0.34875,40106.25
0.72,0.97,4,594.81288,631.4262595,463.2688,466.9821853,0.3492,40158
0.76,0.92,3.95,593.95752,632.5055386,462.6352,467.5716133,0.3496,40204
0.76,0.92,4,594.90144,640.5604343,463.3344,473.5248817,0.3496,40204
0.7,1,4,594.99,628.6265448,463.4,465.0189606,0.35,40250
0.77,0.91,3.9,593.1756,627.7574547,462.056,464.013782,0.35035,40290.25
0.77,0.91,3.95,594.121545,635.8550204,462.7567,469.9979574,0.35035,40290.25
0.77,0.91,4,595.06749,643.952586,463.4574,475.9821329,0.35035,40290.25
0.73,0.96,3.95,594.13248,627.4311917,462.7648,463.9831941,0.3504,40296
0.73,0.96,4,595.07856,635.4214182,463.4656,469.8907273,0.3504,40296
0.78,0.9,3.9,593.316,630.9367433,462.16,466.3136738,0.351,40365
0.78,0.9,3.95,594.2637,639.0753343,462.862,472.3275245,0.351,40365
0.78,0.9,4,595.2114,647.2139254,463.564,478.3413753,0.351,40365
0.71,0.99,4,595.31103,632.963086,463.6378,468.1827757,0.35145,40416.75
0.74,0.95,3.95,594.37305,631.2469316,462.943,466.7583797,0.3515,40422.5
0.74,0.95,4,595.3221,639.2857647,463.646,472.7012605,0.3515,40422.5
0.79,0.89,3.85,592.485615,625.8105369,461.5449,462.4757263,0.35155,40428.25
0.79,0.89,3.9,593.4348,633.9885087,462.248,468.5180205,0.35155,40428.25
0.79,0.89,3.95,594.383985,642.1664805,462.9511,474.5603147,0.35155,40428.25
0.79,0.89,4,595.33317,650.3444524,463.6542,480.6026088,0.35155,40428.25
0.8,0.88,3.85,592.5816,628.6970427,461.616,464.5573162,0.352,40480
0.8,0.88,3.9,593.532,636.9127508,462.32,470.626822,0.352,40480
0.8,0.88,3.95,594.4824,645.1284589,463.024,476.6963278,0.352,40480
0.8,0.88,4,595.4328,653.344167,463.728,482.7658336,0.352,40480
0.81,0.87,3.85,592.656255,631.45767,461.6713,466.5445928,0.35235,40520.25
0.81,0.87,3.9,593.6076,639.7094698,462.376,472.6400784,0.35235,40520.25
0.81,0.87,3.95,594.558945,647.9612696,463.0807,478.735564,0.35235,40520.25
0.81,0.87,4,595.51029,656.2130694,463.7854,484.8310495,0.35235,40520.25
0.75,0.94,3.9,593.64,626.8477089,462.4,463.4597921,0.3525,40537.5
0.75,0.94,3.95,594.59175,634.9335038,463.105,469.4367884,0.3525,40537.5
0.75,0.94,4,595.5435,643.0192987,463.81,475.4137848,0.3525,40537.5
0.82,0.86,3.8,591.75756,625.8061716,461.0056,462.3173226,0.3526,40549
0.82,0.86,3.85,592.70958,634.0924185,461.7108,468.4375561,0.3526,40549
0.82,0.86,3.9,593.6616,642.3786655,462.416,474.5577896,0.3526,40549
0.82,0.86,3.95,594.61362,650.6649124,463.1212,480.6780231,0.3526,40549
0.82,0.86,4,595.56564,658.9511593,463.8264,486.7982567,0.3526,40549
0.83,0.85,3.8,591.78915,628.2822389,461.029,464.0924564,0.35275,40566.25
0.83,0.85,3.85,592.741575,636.6012884,461.7345,470.236206,0.35275,40566.25
0.83,0.85,3.9,593.694,644.9203379,462.44,476.3799557,0.35275,40566.25
0.83,0.85,3.95,594.646425,653.2393875,463.1455,482.5237053,0.35275,40566.25
0.83,0.85,4,595.59885,661.558437,463.851,488.667455,0.35275,40566.25
0.84,0.84,3.8,591.79968,630.6340721,461.0368,465.7745086,0.3528,40572
0.84,0.84,3.85,592.75224,638.9842797,461.7424,471.9405426,0.3528,40572
0.84,0.84,3.9,593.7048,647.3344872,462.448,478.1065766,0.3528,40572
0.84,0.84,3.95,594.65736,655.6846947,463.1536,484.2726105,0.3528,40572
0.72,0.98,3.95,594.65736,629.1566341,463.1536,465.3239958,0.3528,40572
0.84,0.84,4,595.60992,664.0349023,463.8592,490.4386445,0.3528,40572
0.72,0.98,4,595.60992,637.1688148,463.8592,471.248582,0.3528,40572
0.76,0.93,3.9,593.8344,630.3597959,462.544,466.00854,0.3534,40641
0.76,0.93,3.95,594.78858,638.4909082,463.2508,472.0184201,0.3534,40641
0.76,0.93,4,595.74276,646.6220205,463.9576,478.0283003,0.3534,40641
0.73,0.97,3.95,594.930735,633.1802967,463.3561,468.2544691,0.35405,40715.75
0.73,0.97,4,595.88667,641.2437312,464.0642,474.2163795,0.35405,40715.75
0.77,0.92,3.85,593.05086,625.5695747,461.9636,462.4202105,0.3542,40733
0.77,0.92,3.9,594.0072,633.7443598,462.672,468.4617427,0.3542,40733
0.77,0.92,3.95,594.96354,641.9191448,463.3804,474.5032749,0.3542,40733
0.77,0.92,4,595.91988,650.0939299,464.0888,480.544807,0.3542,40733
0.78,0.91,3.85,593.20017,628.7845871,462.0742,464.7474479,0.3549,40813.5
0.78,0.91,3.9,594.1584,637.0014004,462.784,470.8194003,0.3549,40813.5
0.78,0.91,3.95,595.11663,645.2182136,463.4938,476.8913526,0.3549,40813.5
0.78,0.91,4,596.07486,653.4350269,464.2036,482.9633049,0.3549,40813.5
0.71,1,3.95,595.1385,630.595399,463.51,466.4509993,0.355,40825
0.71,1,4,596.097,638.6258835,464.22,472.3899168,0.355,40825
0.74,0.96,3.9,594.2232,628.9617476,462.832,465.0901626,0.3552,40848
0.74,0.96,3.95,595.18224,637.0747915,463.5424,471.0881654,0.3552,40848
0.74,0.96,4,596.14128,645.1878354,464.2528,477.0861681,0.3552,40848
0.79,0.9,3.85,593.32815,631.8737208,462.169,466.980372,0.3555,40882.5
0.79,0.9,3.9,594.288,640.1309177,462.88,473.0815127,0.3555,40882.5
0.79,0.9,3.95,595.24785,648.3881147,463.591,479.1826534,0.3555,40882.5
0.79,0.9,4,596.2077,656.6453116,464.302,485.283794,0.3555,40882.5
0.8,0.89,3.8,592.4736,626.5410398,461.536,462.9898856,0.356,40940
0.8,0.89,3.85,593.4348,634.8369758,462.248,469.1189827,0.356,40940
0.8,0.89,3.9,594.396,643.1329119,462.96,475.2480799,0.356,40940
0.8,0.89,3.95,595.3572,651.428848,463.672,481.3771771,0.356,40940
0.8,0.89,4,596.3184,659.724784,464.384,487.5062743,0.356,40940
0.75,0.95,3.9,594.45,632.6791099,463,467.7922214,0.35625,40968.75
0.75,0.95,3.95,595.411875,640.8401185,463.7125,473.8250847,0.35625,40968.75
0.75,0.95,4,596.37375,649.0011272,464.425,479.857948,0.35625,40968.75
0.81,0.88,3.8,592.55784,629.3413216,461.5984,465.0074583,0.3564,40986
0.81,0.88,3.85,593.52012,637.6743522,462.3112,471.1632802,0.3564,40986
0.81,0.88,3.9,594.4824,646.0073828,463.024,477.319102,0.3564,40986
0.72,0.99,3.9,594.4824,626.7425984,463.024,463.5585417,0.3564,40986
0.81,0.88,3.95,595.44468,654.3404134,463.7368,483.4749239,0.3564,40986
0.72,0.99,3.95,595.44468,634.8269842,463.7368,469.5367602,0.3564,40986
0.81,0.88,4,596.40696,662.6734441,464.4496,489.6307458,0.3564,40986
0.72,0.99,4,596.40696,642.9113701,464.4496,475.5149786,0.3564,40986
0.82,0.87,3.8,592.62102,632.0173694,461.6452,466.9319495,0.3567,41020.5
0.82,0.87,3.85,593.58411,640.38585,462.3586,473.1132643,0.3567,41020.5
0.82,0.87,3.9,594.5472,648.7543306,463.072,479.294579,0.3567,41020.5
0.82,0.87,3.95,595.51029,657.1228112,463.7854,485.4758937,0.3567,41020.5
0.82,0.87,4,596.47338,665.4912918,464.4988,491.6572084,0.3567,41020.5
0.83,0.86,3.8,592.66314,634.569183,461.6764,468.7633593,0.3569,41043.5
0.83,0.86,3.85,593.62677,642.971469,462.3902,474.968935,0.3569,41043.5
0.83,0.86,3.9,594.5904,651.373755,463.104,481.1745107,0.3569,41043.5
0.83,0.86,3.95,595.55403,659.7760411,463.8178,487.3800865,0.3569,41043.5
0.83,0.86,4,596.51766,668.1783271,464.5316,493.5856622,0.3569,41043.5
0.84,0.85,3.8,592.6842,636.9967625,461.692,470.5016875,0.357,41055
0.84,0.85,3.85,593.6481,645.4312094,462.406,476.7302924,0.357,41055
0.84,0.85,3.9,594.612,653.8656563,463.12,482.9588974,0.357,41055
0.84,0.85,3.95,595.5759,662.3001032,463.834,489.1875023,0.357,41055
0.84,0.85,4,596.5398,670.7345501,464.548,495.4161072,0.357,41055
0.76,0.94,3.85,593.69076,628.0616201,462.4376,464.332243,0.3572,41078
0.76,0.94,3.9,594.6552,636.268949,463.152,470.398735,0.3572,41078
0.76,0.94,3.95,595.61964,644.4762778,463.8664,476.465227,0.3572,41078
0.76,0.94,4,596.58408,652.6836066,464.5808,482.531719,0.3572,41078
0.73,0.98,3.9,594.7632,630.7927591,463.232,466.5094565,0.3577,41135.5
0.73,0.98,3.95,595.72899,638.9294017,463.9474,472.5257441,0.3577,41135.5
0.73,0.98,4,596.69478,647.0660442,464.6628,478.5420316,0.3577,41135.5
0.77,0.93,3.85,593.872065,631.4792603,462.5719,466.8108145,0.35805,41175.75
0.77,0.93,3.9,594.8388,639.7312648,463.288,472.9097034,0.35805,41175.75
0.77,0.93,3.95,595.805535,647.9832693,464.0041,479.0085923,0.35805,41175.75
0.77,0.93,4,596.77227,656.2352737,464.7202,485.1074812,0.35805,41175.75
0.78,0.92,3.8,593.06328,626.4759863,461.9728,463.0650188,0.3588,41262
0.78,0.92,3.85,594.03204,634.7710219,462.6904,469.1950728,0.3588,41262
0.78,0.92,3.9,595.0008,643.0660574,463.408,475.3251267,0.3588,41262
0.78,0.92,3.95,595.96956,651.3610929,464.1256,481.4551807,0.3588,41262
0.78,0.92,4,596.93832,659.6561285,464.8432,487.5852346,0.3588,41262
0.74,0.97,3.85,594.05337,626.5281419,462.7062,463.3117013,0.3589,41273.5
0.74,0.97,3.9,595.0224,634.7153966,463.424,469.3648262,0.3589,41273.5
0.74,0.97,3.95,595.99143,642.9026514,464.1418,475.417951,0.3589,41273.5
0.74,0.97,4,596.96046,651.0899061,464.8596,481.4710758,0.3589,41273.5
0.79,0.91,3.8,593.20017,629.6004827,462.0742,465.3250305,0.35945,41336.75
0.79,0.91,3.85,594.170685,637.9369047,462.7931,471.4850177,0.35945,41336.75
0.79,0.91,3.9,595.1412,646.2733268,463.512,477.6450049,0.35945,41336.75
0.79,0.91,3.95,596.111715,654.6097489,464.2309,483.804992,0.35945,41336.75
0.79,0.91,4,597.08223,662.9461709,464.9498,489.9649792,0.35945,41336.75
0.8,0.9,3.8,593.316,632.6007449,462.16,467.4919607,0.36,41400
0.8,0.9,3.85,594.288,640.976909,462.88,473.6806493,0.36,41400
0.75,0.96,3.85,594.288,630.2742886,462.88,466.0359204,0.36,41400
0.8,0.9,3.9,595.26,649.353073,463.6,479.8693378,0.36,41400
0.75,0.96,3.9,595.26,638.5105109,463.6,472.1246506,0.36,41400
0.72,1,3.9,595.26,632.3407433,463.6,467.7176738,0.36,41400
0.8,0.9,3.95,596.232,657.729237,464.32,486.0580264,0.36,41400
0.75,0.96,3.95,596.232,646.7467332,464.32,478.2133809,0.36,41400
0.72,1,3.95,596.232,640.4973343,464.32,473.7495245,0.36,41400
0.8,0.9,4,597.204,666.105401,465.04,492.246715,0.36,41400
0.75,0.96,4,597.204,654.9829556,465.04,484.3021111,0.36,41400
0.72,1,4,597.204,648.6539254,465.04,479.7813753,0.36,41400
0.81,0.89,3.8,593.41077,635.4767731,462.2302,469.5658093,0.36045,41451.75
0.81,0.89,3.85,594.383985,643.8910345,462.9511,475.7819675,0.36045,41451.75
0.81,0.89,3.9,595.3572,652.3052959,463.672,481.9981257,0.36045,41451.75
0.81,0.89,3.95,596.330415,660.7195573,464.3929,488.2142838,0.36045,41451.75
0.81,0.89,4,597.30363,669.1338188,465.1138,494.430442,0.36045,41451.75
0.82,0.88,3.8,593.48448,638.2285671,462.2848,471.5465765,0.3608,41492
0.82,0.88,3.85,594.45864,646.6792814,463.0064,477.7889724,0.3608,41492
0.82,0.88,3.9,595.4328,655.1299956,463.728,484.0313683,0.3608,41492
0.82,0.88,3.95,596.40696,663.5807099,464.4496,490.2737642,0.3608,41492
0.82,0.88,4,597.38112,672.0314242,465.1712,496.5161601,0.3608,41492
0.76,0.95,3.8,593.5266,625.6110112,462.316,462.5427223,0.361,41515
0.76,0.95,3.85,594.5013,633.8945566,463.038,468.6658261,0.361,41515
0.76,0.95,3.9,595.476,642.178102,463.76,474.78893,0.361,41515
0.76,0.95,3.95,596.4507,650.4616474,464.482,480.9120338,0.361,41515
0.76,0.95,4,597.4254,658.7451928,465.204,487.0351377,0.361,41515
0.83,0.87,3.8,593.53713,640.8561271,462.3238,473.4342622,0.36105,41520.75
0.83,0.87,3.85,594.511965,649.3416496,463.0459,479.701664,0.36105,41520.75
0.83,0.87,3.9,595.4868,657.8271722,463.768,485.9690658,0.36105,41520.75
0.83,0.87,3.95,596.461635,666.3126947,464.4901,492.2364676,0.36105,41520.75
0.83,0.87,4,597.43647,674.7982172,465.2122,498.5038695,0.36105,41520.75
0.84,0.86,3.8,593.56872,643.3594529,462.3472,475.2288664,0.3612,41538
0.84,0.86,3.85,594.54396,651.8781392,463.0696,481.5200423,0.3612,41538
0.84,0.86,3.9,595.5192,660.3968254,463.792,487.8112182,0.3612,41538
0.84,0.86,3.95,596.49444,668.9155117,464.5144,494.1023941,0.3612,41538
0.84,0.86,4,597.46968,677.434198,465.2368,500.39357,0.3612,41538
0.85,0.85,3.8,593.57925,645.7385446,462.355,476.930389,0.36125,41543.75
0.85,0.85,3.85,594.554625,654.2887501,463.0775,483.2441072,0.36125,41543.75
0.85,0.85,3.9,595.53,662.8389555,463.8,489.5578254,0.36125,41543.75
0.85,0.85,3.95,596.505375,671.3891609,464.5225,495.8715435,0.36125,41543.75
0.85,0.85,4,597.48075,679.9393664,465.245,502.1852617,0.36125,41543.75
0.73,0.99,3.85,594.575955,628.2588055,463.0933,464.6556896,0.36135,41555.25
0.73,0.99,3.9,595.5516,636.4686561,463.816,470.7263543,0.36135,41555.25
0.73,0.99,3.95,596.527245,644.6785067,464.5387,476.797019,0.36135,41555.25
0.73,0.99,4,597.50289,652.8883573,465.2614,482.8676838,0.36135,41555.25
0.77,0.94,3.8,593.71614,629.0597221,462.4564,465.0451729,0.3619,41618.5
0.77,0.94,3.85,594.69327,637.3889459,463.1802,471.2014185,0.3619,41618.5
0.77,0.94,3.9,595.6704,645.7181698,463.904,477.3576642,0.3619,41618.5
0.77,0.94,3.95,596.64753,654.0473937,464.6278,483.5139098,0.3619,41618.5
0.77,0.94,4,597.62466,662.3766176,465.3516,489.6701554,0.3619,41618.5
0.74,0.98,3.85,594.84258,632.20758,463.2908,467.5312429,0.3626,41699
0.74,0.98,3.9,595.8216,640.4690456,464.016,473.6394897,0.3626,41699
0.74,0.98,3.95,596.80062,648.7305112,464.7412,479.7477366,0.3626,41699
0.74,0.98,4,597.77964,656.9919768,465.4664,485.8559834,0.3626,41699
0.78,0.93,3.8,593.88462,632.3841988,462.5812,467.454542,0.3627,41710.5
0.78,0.93,3.85,594.86391,640.7574566,463.3066,473.6426976,0.3627,41710.5
0.78,0.93,3.9,595.8432,649.1307144,464.032,479.8308532,0.3627,41710.5
0.78,0.93,3.95,596.82249,657.5039723,464.7574,486.0190088,0.3627,41710.5
0.78,0.93,4,597.80178,665.8772301,465.4828,492.2071643,0.3627,41710.5
0.79,0.92,3.8,594.03204,635.5844415,462.6904,469.7708296,0.3634,41791
0.79,0.92,3.85,595.01322,644.0000887,463.4172,475.9896633,0.3634,41791
0.79,0.92,3.9,595.9944,652.4157359,464.144,482.208497,0.3634,41791
0.79,0.92,3.95,596.97558,660.831383,464.8708,488.4273307,0.3634,41791
0.79,0.92,4,597.95676,669.2470302,465.5976,494.6461644,0.3634,41791
0.75,0.97,3.8,594.10575,627.7190398,462.745,464.1678856,0.36375,41831.25
0.75,0.97,3.85,595.087875,636.0304758,463.4725,470.3124827,0.36375,41831.25
0.75,0.97,3.9,596.07,644.3419119,464.2,476.4570799,0.36375,41831.25
0.75,0.97,3.95,597.052125,652.653348,464.9275,482.6016771,0.36375,41831.25
0.75,0.97,4,598.03425,660.964784,465.655,488.7462743,0.36375,41831.25
0.8,0.91,3.8,594.1584,638.6604501,462.784,471.9940358,0.364,41860
0.8,0.91,3.85,595.1412,647.1168421,463.512,478.2423158,0.364,41860
0.8,0.91,3.9,596.124,655.573234,464.24,484.4905957,0.364,41860
0.8,0.91,3.95,597.1068,664.029626,464.968,490.7388757,0.364,41860
0.8,0.91,4,598.0896,672.486018,465.696,496.9871557,0.364,41860
0.81,0.9,3.8,594.2637,641.6122245,462.862,474.1241604,0.3645,41917.5
0.81,0.9,3.85,595.24785,650.1077168,463.591,480.4006548,0.3645,41917.5
0.81,0.9,3.9,596.232,658.603209,464.32,486.6771493,0.3645,41917.5
0.81,0.9,3.95,597.21615,667.0987012,465.049,492.9536437,0.3645,41917.5
0.81,0.9,4,598.2003,675.5941935,465.778,499.2301382,0.3645,41917.5
0.76,0.96,3.8,594.32688,631.3677311,462.9088,466.8196936,0.3648,41952
0.76,0.96,3.85,595.31184,639.727493,463.6384,472.9994093,0.3648,41952
0.76,0.96,3.9,596.2968,648.087255,464.368,479.179125,0.3648,41952
0.76,0.96,3.95,597.28176,656.4470169,465.0976,485.3588407,0.3648,41952
0.76,0.96,4,598.26672,664.8067789,465.8272,491.5385564,0.3648,41952
0.82,0.89,3.8,594.34794,644.4397649,462.9244,476.1612035,0.3649,41963.5
0.82,0.89,3.85,595.33317,652.9727128,463.6542,482.4646806,0.3649,41963.5
0.82,0.89,3.9,596.3184,661.5056607,464.384,488.7681577,0.3649,41963.5
0.82,0.89,3.95,597.30363,670.0386087,465.1138,495.0716348,0.3649,41963.5
0.82,0.89,4,598.28886,678.5715566,465.8436,501.3751118,0.3649,41963.5
0.73,1,3.85,595.3545,633.8614944,463.67,468.8182103,0.365,41975
0.73,1,3.9,596.34,642.144553,464.4,474.9432522,0.365,41975
0.73,1,3.95,597.3255,650.4276117,465.13,481.068294,0.365,41975
0.73,1,4,598.311,658.7106703,465.86,487.1933359,0.365,41975
0.83,0.88,3.8,594.41112,647.1430711,462.9712,478.1051651,0.3652,41998
0.83,0.88,3.85,595.39716,655.7118302,463.7016,484.434393,0.3652,41998
0.83,0.88,3.9,596.3832,664.2805893,464.432,490.7636209,0.3652,41998
0.83,0.88,3.95,597.36924,672.8493483,465.1624,497.0928488,0.3652,41998
0.83,0.88,4,598.35528,681.4181074,465.8928,503.4220767,0.3652,41998
0.84,0.87,3.8,594.45324,649.7221433,463.0024,479.9560452,0.3654,42021
0.84,0.87,3.85,595.43982,658.3250689,463.7332,486.3097921,0.3654,42021
0.84,0.87,3.9,596.4264,666.9279946,464.464,492.663539,0.3654,42021
0.84,0.87,3.95,597.41298,675.5309202,465.1948,499.0172858,0.3654,42021
0.84,0.87,4,598.39956,684.1338458,465.9256,505.3710327,0.3654,42021
0.85,0.86,3.8,594.4743,652.1769814,463.018,481.7138438,0.3655,42032.5
0.85,0.86,3.85,595.46115,660.812429,463.749,488.0908779,0.3655,42032.5
0.85,0.86,3.9,596.448,669.4478766,464.48,494.4679119,0.3655,42032.5
0.85,0.86,3.95,597.43485,678.0833243,465.211,500.8449459,0.3655,42032.5
0.85,0.86,4,598.4217,686.7187719,465.942,507.2219799,0.3655,42032.5
0.77,0.95,3.8,594.52695,634.8921883,463.057,469.3784202,0.36575,42061.25
0.77,0.95,3.85,595.514475,643.2986316,463.7885,475.5920225,0.36575,42061.25
0.77,0.95,3.9,596.502,651.7050748,464.52,481.8056249,0.36575,42061.25
0.77,0.95,3.95,597.489525,660.1115181,465.2515,488.0192272,0.36575,42061.25
0.77,0.95,4,598.47705,668.5179614,465.983,494.2328296,0.36575,42061.25
0.74,0.99,3.8,594.64278,629.5513417,463.1428,465.5874155,0.3663,42124.5
0.74,0.99,3.85,595.63179,637.8870181,463.8754,471.7507844,0.3663,42124.5
0.74,0.99,3.9,596.6208,646.2226946,464.608,477.9141533,0.3663,42124.5
0.74,0.99,3.95,597.60981,654.5583711,465.3406,484.0775222,0.3663,42124.5
0.74,0.99,4,598.59882,662.8940475,466.0732,490.2408911,0.3663,42124.5
0.78,0.94,3.8,594.70596,638.2924114,463.1896,471.8440653,0.3666,42159
0.78,0.94,3.85,595.69578,646.7438914,463.9228,478.0903224,0.3666,42159
0.78,0.94,3.9,596.6856,655.1953715,464.656,484.3365796,0.3666,42159
0.78,0.94,3.95,597.67542,663.6468516,465.3892,490.5828368,0.3666,42159
0.78,0.94,4,598.66524,672.0983316,466.1224,496.829094,0.3666,42159
0.79,0.93,3.8,594.86391,641.5684003,463.3066,474.2166288,0.36735,42245.25
0.79,0.93,3.85,595.855755,650.0632726,464.0413,480.494309,0.36735,42245.25
0.79,0.93,3.9,596.8476,658.5581449,464.776,486.7719892,0.36735,42245.25
0.79,0.93,3.95,597.839445,667.0530172,465.5107,493.0496694,0.36735,42245.25
0.79,0.93,4,598.83129,675.5478895,466.2454,499.3273496,0.36735,42245.25
0.75,0.98,3.8,594.8955,633.4000134,463.33,468.388581,0.3675,42262.5
0.75,0.98,3.85,595.88775,641.7866631,464.065,474.5890451,0.3675,42262.5
0.75,0.98,3.9,596.88,650.1733129,464.8,480.7895092,0.3675,42262.5
0.75,0.98,3.95,597.87225,658.5599627,465.535,486.9899733,0.3675,42262.5
0.75,0.98,4,598.8645,666.9466124,466.27,493.1904375,0.3675,42262.5
0.8,0.92,3.8,595.0008,644.7201552,463.408,476.4961109,0.368,42320
0.8,0.92,3.85,595.9944,653.2567752,464.144,482.8039823,0.368,42320
0.8,0.92,3.9,596.988,661.7933951,464.88,489.1118536,0.368,42320
0.8,0.92,3.95,597.9816,670.330015,465.616,495.419725,0.368,42320
0.8,0.92,4,598.9752,678.866635,466.352,501.7275964,0.368,42320
0.81,0.91,3.8,595.11663,647.747676,463.4938,478.6825114,0.36855,42383.25
0.81,0.91,3.85,596.111715,656.324399,464.2309,485.0193422,0.36855,42383.25
0.81,0.91,3.9,597.1068,664.9011221,464.968,491.3561729,0.36855,42383.25
0.81,0.91,3.95,598.101885,673.4778451,465.7051,497.6930037,0.36855,42383.25
0.81,0.91,4,599.09697,682.0545682,466.4422,504.0298344,0.36855,42383.25
0.76,0.97,3.8,595.12716,637.124451,463.5016,471.096665,0.3686,42389
0.76,0.97,3.85,596.12238,645.5604295,464.2388,477.3329925,0.3686,42389
0.76,0.97,3.9,597.1176,653.996408,464.976,483.56932,0.3686,42389
0.76,0.97,3.95,598.11282,662.4323865,465.7132,489.8056475,0.3686,42389
0.76,0.97,4,599.10804,670.868365,466.4504,496.041975,0.3686,42389
0.82,0.9,3.8,595.2114,650.6509627,463.564,480.7758305,0.369,42435
0.82,0.9,3.85,596.2077,659.2661442,464.302,487.1403887,0.369,42435
0.82,0.9,3.9,597.204,667.8813258,465.04,493.504947,0.369,42435
0.82,0.9,3.95,598.2003,676.4965074,465.778,499.8695053,0.369,42435
0.82,0.9,4,599.1966,685.111689,466.516,506.2340636,0.369,42435
0.83,0.89,3.8,595.28511,653.4300152,463.6186,482.776068,0.36935,42475.25
0.83,0.89,3.85,596.282355,662.0820108,464.3573,489.167122,0.36935,42475.25
0.83,0.89,3.9,597.2796,670.7340064,465.096,495.558176,0.36935,42475.25
0.83,0.89,3.95,598.276845,679.3860019,465.8347,501.94923,0.36935,42475.25
0.83,0.89,4,599.27409,688.0379975,466.5734,508.3402839,0.36935,42475.25
0.84,0.88,3.8,595.33776,656.0848337,463.6576,484.6832241,0.3696,42504
0.77,0.96,3.8,595.33776,640.7246545,463.6576,473.7116675,0.3696,42504
0.84,0.88,3.85,596.33568,664.7719987,464.3968,491.0995419,0.3696,42504
0.77,0.96,3.85,596.33568,649.2083172,464.3968,479.9826265,0.3696,42504
0.84,0.88,3.9,597.3336,673.4591637,465.136,497.5158598,0.3696,42504
0.77,0.96,3.9,597.3336,657.6919799,465.136,486.2535856,0.3696,42504
0.84,0.88,3.95,598.33152,682.1463287,465.8752,503.9321776,0.3696,42504
0.77,0.96,3.95,598.33152,666.1756426,465.8752,492.5245447,0.3696,42504
0.84,0.88,4,599.32944,690.8334937,466.6144,510.3484955,0.3696,42504
0.77,0.96,4,599.32944,674.6593053,466.6144,498.7955038,0.3696,42504
0.85,0.87,3.8,595.36935,658.6154181,463.681,486.4972986,0.36975,42521.25
0.85,0.87,3.85,596.367675,667.3361079,464.4205,492.9376485,0.36975,42521.25
0.85,0.87,3.9,597.366,676.0567978,465.16,499.3779984,0.36975,42521.25
0.85,0.87,3.95,598.364325,684.7774876,465.8995,505.8183483,0.36975,42521.25
0.85,0.87,4,599.36265,693.4981775,466.639,512.2586982,0.36975,42521.25
0.86,0.86,3.8,595.37988,661.0217683,463.6888,488.2182917,0.3698,42527
0.86,0.86,3.85,596.37834,669.7743385,464.4284,494.6814418,0.3698,42527
0.86,0.86,3.9,597.3768,678.5269086,465.168,501.1445919,0.3698,42527
0.86,0.86,3.95,598.37526,687.2794788,465.9076,507.607742,0.3698,42527
0.86,0.86,4,599.37372,696.0320489,466.6472,514.0708921,0.3698,42527
0.74,1,3.8,595.422,635.1565689,463.72,469.7518349,0.37,42550
0.74,1,3.85,596.421,643.5664562,464.46,475.9703259,0.37,42550
0.74,1,3.9,597.42,651.9763436,465.2,482.1888168,0.37,42550
0.74,1,3.95,598.419,660.3862309,465.94,488.4073078,0.37,42550
0.74,1,4,599.418,668.7961182,466.68,494.6257987,0.37,42550
0.78,0.95,3.8,595.5273,644.2006239,463.798,476.2335885,0.3705,42607.5
0.78,0.95,3.85,596.52765,652.7303262,464.539,482.5379473,0.3705,42607.5
0.78,0.95,3.9,597.528,661.2600285,465.28,488.8423061,0.3705,42607.5
0.78,0.95,3.95,598.52835,669.7897309,466.021,495.1466649,0.3705,42607.5
0.78,0.95,4,599.5287,678.3194332,466.762,501.4510237,0.3705,42607.5
0.75,0.99,3.8,595.68525,639.0809869,463.915,472.6092764,0.37125,42693.75
0.75,0.99,3.85,596.687625,647.5428504,464.6575,478.8656074,0.37125,42693.75
0.75,0.99,3.9,597.69,656.0047139,465.4,485.1219385,0.37125,42693.75
0.75,0.99,3.95,598.692375,664.4665774,466.1425,491.3782696,0.37125,42693.75
0.75,0.99,4,599.69475,672.9284409,466.885,497.6346006,0.37125,42693.75
0.79,0.94,3.8,595.69578,647.5523592,463.9228,478.662428,0.3713,42699.5
0.79,0.94,3.85,596.69829,656.1264566,464.6654,484.9989547,0.3713,42699.5
0.79,0.94,3.9,597.7008,664.700554,465.408,491.3354814,0.3713,42699.5
0.79,0.94,3.95,598.70331,673.2746514,466.1506,497.6720081,0.3713,42699.5
0.79,0.94,4,599.70582,681.8487488,466.8932,504.0085348,0.3713,42699.5
0.8,0.93,3.8,595.8432,650.7798604,464.032,480.998186,0.372,42780
0.8,0.93,3.85,596.8476,659.3967083,464.776,487.3656488,0.372,42780
0.8,0.93,3.9,597.852,668.0135562,465.52,493.7331115,0.372,42780
0.8,0.93,3.95,598.8564,676.6304041,466.264,500.1005743,0.372,42780
0.8,0.93,4,599.8608,685.247252,467.008,506.4680371,0.372,42780
0.76,0.98,3.8,595.92744,642.8811708,464.0944,475.3736363,0.3724,42826
0.76,0.98,3.85,596.93292,651.3933659,464.8392,481.6665757,0.3724,42826
0.76,0.98,3.9,597.9384,659.905561,465.584,487.959515,0.3724,42826
0.76,0.98,3.95,598.94388,668.4177561,466.3288,494.2524544,0.3724,42826
0.76,0.98,4,599.94936,676.9299512,467.0736,500.5453937,0.3724,42826
0.81,0.92,3.8,595.96956,653.8831274,464.1256,483.2408625,0.3726,42849
0.81,0.92,3.85,596.97558,662.5410813,464.8708,489.6380295,0.3726,42849
0.81,0.92,3.9,597.9816,671.1990352,465.616,496.0351965,0.3726,42849
0.81,0.92,3.95,598.98762,679.856989,466.3612,502.4323636,0.3726,42849
0.81,0.92,4,599.99364,688.5149429,467.1064,508.8295306,0.3726,42849
0.82,0.91,3.8,596.07486,656.8621604,464.2036,485.3904575,0.3731,42906.5
0.82,0.91,3.85,597.08223,665.5595757,464.9498,491.8160969,0.3731,42906.5
0.82,0.91,3.9,598.0896,674.2569909,465.696,498.2417364,0.3731,42906.5
0.82,0.91,3.95,599.09697,682.9544062,466.4422,504.6673758,0.3731,42906.5
0.82,0.91,4,600.10434,691.6518214,467.1884,511.0930153,0.3731,42906.5
0.77,0.97,3.8,596.14857,646.5571207,464.2582,478.0449148,0.37345,42946.75
0.77,0.97,3.85,597.156885,655.1180028,465.0051,484.3732306,0.37345,42946.75
0.77,0.97,3.9,598.1652,663.6788849,465.752,490.7015464,0.37345,42946.75
0.77,0.97,3.95,599.173515,672.239767,466.4989,497.0298622,0.37345,42946.75
0.77,0.97,4,600.18183,680.8006491,467.2458,503.358178,0.37345,42946.75
0.83,0.9,3.8,596.1591,659.7169593,464.266,487.4469709,0.3735,42952.5
0.83,0.9,3.85,597.16755,668.4521914,465.013,493.899851,0.3735,42952.5
0.83,0.9,3.9,598.176,677.1874235,465.76,500.3527311,0.3735,42952.5
0.83,0.9,3.95,599.18445,685.9226555,466.507,506.8056111,0.3735,42952.5
0.83,0.9,4,600.1929,694.6578876,467.254,513.2584912,0.3735,42952.5
0.84,0.89,3.8,596.22228,662.4475241,464.3128,489.4104029,0.3738,42987
0.84,0.89,3.85,597.23154,671.2189284,465.0604,495.8892917,0.3738,42987
0.84,0.89,3.9,598.2408,679.9903328,465.808,502.3681806,0.3738,42987
0.84,0.89,3.95,599.25006,688.7617371,466.5556,508.8470694,0.3738,42987
0.84,0.89,4,600.25932,697.5331415,467.3032,515.3259582,0.3738,42987
0.85,0.88,3.8,596.2644,665.0538548,464.344,491.2807534,0.374,43010
0.85,0.88,3.85,597.2742,673.8597868,465.092,497.7844192,0.374,43010
0.85,0.88,3.9,598.284,682.6657189,465.84,504.2880849,0.374,43010
0.85,0.88,3.95,599.2938,691.471651,466.588,510.7917507,0.374,43010
0.85,0.88,4,600.3036,700.277583,467.336,517.2954164,0.374,43010
0.86,0.87,3.8,596.28546,667.5359514,464.3596,493.0580224,0.3741,43021.5
0.86,0.87,3.85,597.29553,676.3747666,465.1078,499.5852333,0.3741,43021.5
0.86,0.87,3.9,598.3056,685.2135818,465.856,506.1124441,0.3741,43021.5
0.86,0.87,3.95,599.31567,694.052397,466.6042,512.639655,0.3741,43021.5
0.86,0.87,4,600.32574,702.8912122,467.3524,519.1668659,0.3741,43021.5
0.78,0.96,3.8,596.34864,650.1088364,464.4064,480.6231117,0.3744,43056
0.78,0.96,3.85,597.35952,658.716761,465.1552,486.9855721,0.3744,43056
0.78,0.96,3.9,598.3704,667.3246856,465.904,493.3480325,0.3744,43056
0.78,0.96,3.95,599.38128,675.9326102,466.6528,499.710493,0.3744,43056
0.78,0.96,4,600.39216,684.5405348,467.4016,506.0729534,0.3744,43056
0.75,1,3.8,596.475,644.7619605,464.5,476.8299718,0.375,43125
0.75,1,3.85,597.4875,653.2990377,465.25,483.1421698,0.375,43125
0.75,1,3.9,598.5,661.8361149,466,489.4543678,0.375,43125
0.75,1,3.95,599.5125,670.3731921,466.75,495.7665658,0.375,43125
0.75,1,4,600.525,678.9102693,467.5,502.0787638,0.375,43125
0.79,0.95,3.8,596.52765,653.536318,464.539,483.1082271,0.37525,43153.75
0.79,0.95,3.85,597.540825,662.1896405,465.2895,489.5036004,0.37525,43153.75
0.79,0.95,3.9,598.554,670.842963,466.04,495.8989736,0.37525,43153.75
0.79,0.95,3.95,599.567175,679.4962855,466.7905,502.2943468,0.37525,43153.75
0.79,0.95,4,600.58035,688.149608,467.541,508.68972,0.37525,43153.75
0.8,0.94,3.8,596.6856,656.8395655,464.656,485.5002611,0.376,43240
0.8,0.94,3.85,597.7008,665.5366414,465.408,491.9273153,0.376,43240
0.8,0.94,3.9,598.716,674.2337172,466.16,498.3543695,0.376,43240
0.8,0.94,3.95,599.7312,682.9307931,466.912,504.7814236,0.376,43240
0.8,0.94,4,600.7464,691.627869,467.664,511.2084778,0.376,43240
0.76,0.99,3.8,596.72772,648.6378907,464.6872,479.6506077,0.3762,43263
0.76,0.99,3.85,597.74346,657.2263024,465.4396,486.0001588,0.3762,43263
0.76,0.99,3.9,598.7592,665.814714,466.192,492.34971,0.3762,43263
0.76,0.99,3.95,599.77494,674.4031257,466.9444,498.6992612,0.3762,43263
0.76,0.99,4,600.79068,682.9915373,467.6968,505.0488124,0.3762,43263
0.81,0.93,3.8,596.82249,660.0185789,464.7574,487.7992135,0.37665,43314.75
0.81,0.93,3.85,597.839445,668.7577636,465.5107,494.2567168,0.37665,43314.75
0.81,0.93,3.9,598.8564,677.4969482,466.264,500.7142202,0.37665,43314.75
0.81,0.93,3.95,599.873355,686.2361329,467.0173,507.1717235,0.37665,43314.75
0.81,0.93,4,600.89031,694.9753176,467.7706,513.6292268,0.37665,43314.75
0.82,0.92,3.8,596.93832,663.0733582,464.8432,490.0050844,0.3772,43378
0.82,0.92,3.85,597.95676,671.8530071,465.5976,496.4918051,0.3772,43378
0.82,0.92,3.9,598.9752,680.632656,466.352,502.9785257,0.3772,43378
0.82,0.92,3.95,599.99364,689.4123049,467.1064,509.4652464,0.3772,43378
0.82,0.92,4,601.01208,698.1919538,467.8608,515.951967,0.3772,43378
0.77,0.98,3.8,596.95938,652.3895869,464.8588,482.378162,0.3773,43389.5
0.77,0.98,3.85,597.97809,661.0276884,465.6134,488.7638346,0.3773,43389.5
0.77,0.98,3.9,598.9968,669.6657899,466.368,495.1495071,0.3773,43389.5
0.77,0.98,3.95,600.01551,678.3038915,467.1226,501.5351796,0.3773,43389.5
0.77,0.98,4,601.03422,686.941993,467.8772,507.9208521,0.3773,43389.5
0.83,0.91,3.8,597.03309,666.0039034,464.9134,492.1178739,0.37765,43429.75
0.83,0.91,3.85,598.052745,674.822372,465.6687,498.63258,0.37765,43429.75
0.83,0.91,3.9,599.0724,683.6408406,466.424,505.1472861,0.37765,43429.75
0.83,0.91,3.95,600.092055,692.4593092,467.1793,511.6619923,0.37765,43429.75
0.83,0.91,4,601.11171,701.2777778,467.9346,518.1766984,0.37765,43429.75
0.84,0.9,3.8,597.1068,668.8102145,464.968,494.1375818,0.378,43470
0.84,0.9,3.85,598.1274,677.6658582,465.724,500.6790416,0.378,43470
0.84,0.9,3.9,599.148,686.5215019,466.48,507.2205014,0.378,43470
0.84,0.9,3.95,600.1686,695.3771456,467.236,513.7619612,0.378,43470
0.84,0.9,4,601.1892,704.2327893,467.992,520.303421,0.378,43470
0.85,0.89,3.8,597.15945,671.4922915,465.007,496.0642082,0.37825,43498.75
0.85,0.89,3.85,598.180725,680.3834658,465.7635,502.6311898,0.37825,43498.75
0.85,0.89,3.9,599.202,689.27464,466.52,509.1981715,0.37825,43498.75
0.85,0.89,3.95,600.223275,698.1658143,467.2765,515.7651531,0.37825,43498.75
0.85,0.89,4,601.24455,707.0569886,468.033,522.3321347,0.37825,43498.75
0.78,0.97,3.8,597.16998,656.0170489,465.0148,485.0126349,0.3783,43504.5
0.78,0.97,3.85,598.19139,664.7031957,465.7714,491.433197,0.3783,43504.5
0.78,0.97,3.9,599.2128,673.3893426,466.528,497.853759,0.3783,43504.5
0.78,0.97,3.95,600.23421,682.0754895,467.2846,504.274321,0.3783,43504.5
0.78,0.97,4,601.25562,690.7616363,468.0412,510.6948831,0.3783,43504.5
0.86,0.88,3.8,597.19104,674.0501344,465.0304,497.8977531,0.3784,43516
0.86,0.88,3.85,598.21272,682.9751947,465.7872,504.4890248,0.3784,43516
0.86,0.88,3.9,599.2344,691.9002549,466.544,511.0802964,0.3784,43516
0.86,0.88,3.95,600.25608,700.8253152,467.3008,517.671568,0.3784,43516
0.86,0.88,4,601.27776,709.7503755,468.0576,524.2628396,0.3784,43516
0.87,0.87,3.8,597.20157,676.4837432,465.0382,499.6382165,0.37845,43521.75
0.87,0.87,3.85,598.223385,685.4410449,465.7951,506.2525463,0.37845,43521.75
0.87,0.87,3.9,599.2452,694.3983466,466.552,512.8668761,0.37845,43521.75
0.87,0.87,3.95,600.267015,703.3556483,467.3089,519.4812059,0.37845,43521.75
0.87,0.87,4,601.28883,712.31295,468.0658,526.0955357,0.37845,43521.75
0.79,0.96,3.8,597.35952,659.5202768,465.1552,487.5540263,0.3792,43608
0.79,0.96,3.85,598.38336,668.2528244,465.9136,494.008246,0.3792,43608
0.79,0.96,3.9,599.4072,676.9853721,466.672,500.4624658,0.3792,43608
0.79,0.96,3.95,600.43104,685.7179197,467.4304,506.9166855,0.3792,43608
0.79,0.96,4,601.45488,694.4504673,468.1888,513.3709052,0.3792,43608
0.8,0.95,3.8,597.528,662.8992706,465.28,490.0023362,0.38,43700
0.76,1,3.8,597.528,654.3946106,465.28,483.927579,0.38,43700
0.8,0.95,3.85,598.554,671.6765745,466.04,496.4889818,0.38,43700
0.76,1,3.85,598.554,663.0592388,466.04,490.333742,0.38,43700
0.8,0.95,3.9,599.58,680.4538783,466.8,502.9756274,0.38,43700
0.76,1,3.9,599.58,671.723867,466.8,496.739905,0.38,43700
0.8,0.95,3.95,600.606,689.2311821,467.56,509.462273,0.38,43700
0.76,1,3.95,600.606,680.3884952,467.56,503.146068,0.38,43700
0.8,0.95,4,601.632,698.008486,468.32,515.9489185,0.38,43700
0.76,1,4,601.632,689.0531235,468.32,509.552231,0.38,43700
0.81,0.94,3.8,597.67542,666.1540304,465.3892,492.3575645,0.3807,43780.5
0.81,0.94,3.85,598.70331,674.9744458,466.1506,498.8754042,0.3807,43780.5
0.81,0.94,3.9,599.7312,683.7948613,466.912,505.3932438,0.3807,43780.5
0.81,0.94,3.95,600.75909,692.6152768,467.6734,511.9110834,0.3807,43780.5
0.81,0.94,4,601.78698,701.4356923,468.4348,518.4289231,0.3807,43780.5
0.77,0.99,3.8,597.77019,658.2220531,465.4594,486.7114093,0.38115,43832.25
0.77,0.99,3.85,598.799295,666.937374,466.2217,493.1544386,0.38115,43832.25
0.77,0.99,3.9,599.8284,675.652695,466.984,499.5974678,0.38115,43832.25
0.77,0.99,3.95,600.857505,684.3680159,467.7463,506.0404971,0.38115,43832.25
0.77,0.99,4,601.88661,693.0833368,468.5086,512.4835263,0.38115,43832.25
0.82,0.93,3.8,597.80178,669.284556,465.4828,494.6197114,0.3813,43849.5
0.82,0.93,3.85,598.83129,678.1464385,466.2454,501.1675132,0.3813,43849.5
0.82,0.93,3.9,599.8608,687.0083211,467.008,507.7153151,0.3813,43849.5
0.82,0.93,3.95,600.89031,695.8702037,467.7706,514.2631169,0.3813,43849.5
0.82,0.93,4,601.91982,704.7320862,468.5332,520.8109187,0.3813,43849.5
0.83,0.92,3.8,597.90708,672.2908475,465.5608,496.7887768,0.3818,43907
0.83,0.92,3.85,598.93794,681.1925526,466.3244,503.365309,0.3818,43907
0.83,0.92,3.9,599.9688,690.0942577,467.088,509.9418412,0.3818,43907
0.83,0.92,3.95,600.99966,698.9959628,467.8516,516.5183734,0.3818,43907
0.83,0.92,4,602.03052,707.8976679,468.6152,523.0949056,0.3818,43907
0.84,0.91,3.8,597.99132,675.1729049,465.6232,498.8647606,0.3822,43953
0.78,0.98,3.8,597.99132,661.9252614,465.6232,489.4021581,0.3822,43953
0.84,0.91,3.85,599.02326,684.112788,466.3876,505.4687914,0.3822,43953
0.78,0.98,3.85,599.02326,670.6896305,466.3876,495.8808218,0.3822,43953
0.84,0.91,3.9,600.0552,693.052671,467.152,512.0728222,0.3822,43953
0.78,0.98,3.9,600.0552,679.4539996,467.152,502.3594855,0.3822,43953
0.84,0.91,3.95,601.08714,701.9925541,467.9164,518.6768529,0.3822,43953
0.78,0.98,3.95,601.08714,688.2183688,467.9164,508.8381491,0.3822,43953
0.84,0.91,4,602.11908,710.9324372,468.6808,525.2808837,0.3822,43953
0.78,0.98,4,602.11908,696.9827379,468.6808,515.3168128,0.3822,43953
0.85,0.9,3.8,598.0545,677.9307282,465.67,500.847663,0.3825,43987.5
0.85,0.9,3.85,599.08725,686.9071447,466.435,507.4779605,0.3825,43987.5
0.85,0.9,3.9,600.12,695.8835612,467.2,514.108258,0.3825,43987.5
0.85,0.9,3.95,601.15275,704.8599776,467.965,520.7385555,0.3825,43987.5
0.85,0.9,4,602.1855,713.8363941,468.73,527.3688529,0.3825,43987.5
0.86,0.89,3.8,598.09662,680.5643174,465.7012,502.7374839,0.3827,44010.5
0.86,0.89,3.85,599.12991,689.5756227,466.4666,509.3928162,0.3827,44010.5
0.86,0.89,3.9,600.1632,698.5869281,467.232,516.0481486,0.3827,44010.5
0.86,0.89,3.95,601.19649,707.5982334,467.9974,522.703481,0.3827,44010.5
0.86,0.89,4,602.22978,716.6095387,468.7628,529.3588134,0.3827,44010.5
0.87,0.88,3.8,598.11768,683.0736725,465.7168,504.5342232,0.3828,44022
0.87,0.88,3.85,599.15124,692.1182221,466.4824,511.2133587,0.3828,44022
0.87,0.88,3.9,600.1848,701.1627718,467.248,517.8924941,0.3828,44022
0.87,0.88,3.95,601.21836,710.2073214,468.0136,524.5716296,0.3828,44022
0.87,0.88,4,602.25192,719.251871,468.7792,531.250765,0.3828,44022
0.79,0.97,3.8,598.19139,665.5042356,465.7714,491.9998255,0.38315,44062.25
0.79,0.97,3.85,599.225895,674.3160084,466.5377,498.5128917,0.38315,44062.25
0.79,0.97,3.9,600.2604,683.1277811,467.304,505.0259579,0.38315,44062.25
0.79,0.97,3.95,601.294905,691.9395539,468.0703,511.5390242,0.38315,44062.25
0.79,0.97,4,602.32941,700.7513266,468.8366,518.0520904,0.38315,44062.25
0.8,0.96,3.8,598.3704,668.9589758,465.904,494.5044113,0.384,44160
0.8,0.96,3.85,599.4072,677.8165076,466.672,501.0506483,0.384,44160
0.8,0.96,3.9,600.444,686.6740394,467.44,507.5968853,0.384,44160
0.8,0.96,3.95,601.4808,695.5315712,468.208,514.1431223,0.384,44160
0.8,0.96,4,602.5176,704.389103,468.976,520.6893593,0.384,44160
0.81,0.95,3.8,598.52835,672.2894818,466.021,496.9159156,0.38475,44246.25
0.81,0.95,3.85,599.567175,681.1911281,466.7905,503.4940915,0.38475,44246.25
0.81,0.95,3.9,600.606,690.0927744,467.56,510.0722674,0.38475,44246.25
0.81,0.95,3.95,601.644825,698.9944207,468.3295,516.6504433,0.38475,44246.25
0.81,0.95,4,602.68365,707.896067,469.099,523.2286193,0.38475,44246.25
0.77,1,3.8,598.581,664.0545193,466.06,491.0446566,0.385,44275
0.77,1,3.85,599.6205,672.8470596,466.83,497.5450426,0.385,44275
0.77,1,3.9,600.66,681.6396,467.6,504.0454286,0.385,44275
0.77,1,3.95,601.6995,690.4321403,468.37,510.5458145,0.385,44275
0.77,1,4,602.739,699.2246807,469.14,517.0462005,0.385,44275
0.82,0.94,3.8,598.66524,675.4957537,466.1224,499.2343384,0.3854,44321
0.82,0.94,3.85,599.70582,684.43987,466.8932,505.8432214,0.3854,44321
0.82,0.94,3.9,600.7464,693.3839862,467.664,512.4521044,0.3854,44321
0.82,0.94,3.95,601.78698,702.3281024,468.4348,519.0609875,0.3854,44321
0.82,0.94,4,602.82756,711.2722187,469.2056,525.6698705,0.3854,44321
0.83,0.93,3.8,598.78107,678.5777916,466.2082,501.4596797,0.38595,44384.25
0.83,0.93,3.85,599.823135,687.5627332,466.9801,508.098038,0.38595,44384.25
0.83,0.93,3.9,600.8652,696.5476748,467.752,514.7363963,0.38595,44384.25
0.83,0.93,3.95,601.907265,705.5326164,468.5239,521.3747546,0.38595,44384.25
0.83,0.93,4,602.94933,714.517558,469.2958,528.0131129,0.38595,44384.25
0.78,0.99,3.8,598.81266,667.8334739,466.2316,493.7916814,0.3861,44401.5
0.78,0.99,3.85,599.85513,676.6760653,467.0038,500.3284466,0.3861,44401.5
0.78,0.99,3.9,600.8976,685.5186567,467.776,506.8652119,0.3861,44401.5
0.78,0.99,3.95,601.94007,694.3612481,468.5482,513.4019772,0.3861,44401.5
0.78,0.99,4,602.98254,703.2038395,469.3204,519.9387425,0.3861,44401.5
0.84,0.92,3.8,598.87584,681.5355953,466.2784,503.5919395,0.3864,44436
0.84,0.92,3.85,599.91912,690.5597177,467.0512,510.2585412,0.3864,44436
0.84,0.92,3.9,600.9624,699.5838402,467.824,516.925143,0.3864,44436
0.84,0.92,3.95,602.00568,708.6079626,468.5968,523.5917447,0.3864,44436
0.84,0.92,4,603.04896,717.632085,469.3696,530.2583464,0.3864,44436
0.85,0.91,3.8,598.94955,684.3691649,466.333,505.6311178,0.38675,44476.25
0.85,0.91,3.85,599.993775,693.4308236,467.1065,512.3247311,0.38675,44476.25
0.85,0.91,3.9,601.038,702.4924823,467.88,519.0183445,0.38675,44476.25
0.85,0.91,3.95,602.082225,711.554141,468.6535,525.7119578,0.38675,44476.25
0.85,0.91,4,603.12645,720.6157997,469.427,532.4055712,0.38675,44476.25
0.86,0.9,3.8,599.0022,687.0785004,466.372,507.5772146,0.387,44505
0.86,0.9,3.85,600.0471,696.1760508,467.146,514.2966077,0.387,44505
0.86,0.9,3.9,601.092,705.2736012,467.92,521.0160009,0.387,44505
0.86,0.9,3.95,602.1369,714.3711516,468.694,527.735394,0.387,44505
0.86,0.9,4,603.1818,723.468702,469.468,534.4547871,0.387,44505
0.79,0.98,3.8,599.02326,671.4881945,466.3876,496.4456246,0.3871,44516.5
0.79,0.98,3.85,600.06843,680.3791923,467.1618,503.0175374,0.3871,44516.5
0.79,0.98,3.9,601.1136,689.2701902,467.936,509.5894501,0.3871,44516.5
0.79,0.98,3.95,602.15877,698.161188,468.7102,516.1613629,0.3871,44516.5
0.79,0.98,4,603.20394,707.0521859,469.4844,522.7332756,0.3871,44516.5
0.87,0.89,3.8,599.03379,689.6636018,466.3954,509.4302299,0.38715,44522.25
0.87,0.89,3.85,600.079095,698.7953994,467.1697,516.174171,0.38715,44522.25
0.87,0.89,3.9,601.1244,707.9271969,467.944,522.9181121,0.38715,44522.25
0.87,0.89,3.95,602.169705,717.0589945,468.7183,529.6620532,0.38715,44522.25
0.87,0.89,4,603.21501,726.190792,469.4926,536.4059943,0.38715,44522.25
0.88,0.88,3.8,599.04432,692.1244692,466.4032,511.1901637,0.3872,44528
0.88,0.88,3.85,600.08976,701.2888693,467.1776,517.9574209,0.3872,44528
0.88,0.88,3.9,601.1352,710.4532694,467.952,524.7246781,0.3872,44528
0.88,0.88,3.95,602.18064,719.6176695,468.7264,531.4919354,0.3872,44528
0.88,0.88,4,603.22608,728.7820696,469.5008,538.2591926,0.3872,44528
0.8,0.97,3.8,599.2128,675.0186809,466.528,499.0064864,0.388,44620
0.8,0.97,3.85,600.2604,683.9564407,467.304,505.6123148,0.388,44620
0.8,0.97,3.9,601.308,692.8942004,468.08,512.2181432,0.388,44620
0.8,0.97,3.95,602.3556,701.8319602,468.856,518.8239716,0.388,44620
0.8,0.97,4,603.4032,710.7697199,469.632,525.4298,0.388,44620
0.81,0.96,3.8,599.38128,678.4249333,466.6528,501.4742666,0.3888,44712
0.81,0.96,3.85,600.43104,687.4078104,467.4304,508.1127788,0.3888,44712
0.81,0.96,3.9,601.4808,696.3906875,468.208,514.7512911,0.3888,44712
0.81,0.96,3.95,602.53056,705.3735646,468.9856,521.3898033,0.3888,44712
0.81,0.96,4,603.58032,714.3564417,469.7632,528.0283155,0.3888,44712
0.82,0.95,3.8,599.5287,681.7069515,466.762,503.8489654,0.3895,44792.5
0.82,0.95,3.85,600.58035,690.7333014,467.541,510.5189296,0.3895,44792.5
0.82,0.95,3.9,601.632,699.7596513,468.32,517.1888938,0.3895,44792.5
0.82,0.95,3.95,602.68365,708.7860012,469.099,523.858858,0.3895,44792.5
0.82,0.95,4,603.7353,717.8123511,469.878,530.5288222,0.3895,44792.5
0.78,1,3.8,599.634,673.7416864,466.84,498.1812046,0.39,44850
0.78,1,3.85,600.687,682.6625001,467.62,504.7760715,0.39,44850
0.78,1,3.9,601.74,691.5833137,468.4,511.3709384,0.39,44850
0.78,1,3.95,602.793,700.5041274,469.18,517.9658053,0.39,44850
0.78,1,4,603.846,709.424941,469.96,524.5606722,0.39,44850
0.83,0.94,3.8,599.65506,684.8647357,466.8556,506.1305826,0.3901,44861.5
0.83,0.94,3.85,600.70833,693.9329138,467.6358,512.830767,0.3901,44861.5
0.83,0.94,3.9,601.7616,703.0010919,468.416,519.5309514,0.3901,44861.5
0.83,0.94,3.95,602.81487,712.06927,469.1962,526.2311357,0.3901,44861.5
0.83,0.94,4,603.86814,721.1374481,469.9764,532.9313201,0.3901,44861.5
0.84,0.93,3.8,599.76036,687.8982857,466.9336,508.3191184,0.3906,44919
0.84,0.93,3.85,600.81498,697.0066475,467.7148,515.0482911,0.3906,44919
0.84,0.93,3.9,601.8696,706.1150093,468.496,521.7774638,0.3906,44919
0.84,0.93,3.95,602.92422,715.2233711,469.2772,528.5066365,0.3906,44919
0.84,0.93,4,603.97884,724.3317329,470.0584,535.2358092,0.3906,44919
0.85,0.92,3.8,599.8446,690.8076016,466.996,510.4145726,0.391,44965
0.85,0.92,3.85,600.9003,699.9545025,467.778,517.1715018,0.391,44965
0.85,0.92,3.9,601.956,709.1014034,468.56,523.928431,0.391,44965
0.85,0.92,3.95,603.0117,718.2483043,469.342,530.6853602,0.391,44965
0.85,0.92,4,604.0674,727.3952052,470.124,537.4422894,0.391,44965
0.79,0.99,3.8,599.85513,677.4721533,467.0038,500.8914238,0.39105,44970.75
0.79,0.99,3.85,600.910965,686.4423763,467.7859,507.522183,0.39105,44970.75
0.79,0.99,3.9,601.9668,695.4125992,468.568,514.1529423,0.39105,44970.75
0.79,0.99,3.95,603.022635,704.3828222,469.3501,520.7837016,0.39105,44970.75
0.79,0.99,4,604.07847,713.3530451,470.1322,527.4144608,0.39105,44970.75
0.86,0.91,3.8,599.90778,693.5926835,467.0428,512.4169453,0.3913,44999.5
0.86,0.91,3.85,600.96429,702.7764789,467.8254,519.2003992,0.3913,44999.5
0.86,0.91,3.9,602.0208,711.9602744,468.608,525.9838531,0.3913,44999.5
0.86,0.91,3.95,603.07731,721.1440698,469.3906,532.767307,0.3913,44999.5
0.86,0.91,4,604.13382,730.3278653,470.1732,539.5507609,0.3913,44999.5
0.87,0.9,3.8,599.9499,696.2535312,467.074,514.3262366,0.3915,45022.5
0.87,0.9,3.85,601.00695,705.4725766,467.857,521.1349833,0.3915,45022.5
0.87,0.9,3.9,602.064,714.6916221,468.64,527.9437301,0.3915,45022.5
0.87,0.9,3.95,603.12105,723.9106675,469.423,534.7524768,0.3915,45022.5
0.87,0.9,4,604.1781,733.129713,470.206,541.5612235,0.3915,45022.5
0.88,0.89,3.8,599.97096,698.7901448,467.0896,516.1424463,0.3916,45034
0.88,0.89,3.85,601.02828,708.0427957,467.8728,522.9752541,0.3916,45034
0.88,0.89,3.9,602.0856,717.2954466,468.656,529.8080618,0.3916,45034
0.88,0.89,3.95,603.14292,726.5480974,469.4392,536.6408696,0.3916,45034
0.88,0.89,4,604.20024,735.8007483,470.2224,543.4736774,0.3916,45034
0.8,0.98,3.8,600.0552,681.0783861,467.152,503.5085615,0.392,45080
0.8,0.98,3.85,601.1136,690.0963738,467.936,510.1739813,0.392,45080
0.8,0.98,3.9,602.172,699.1143615,468.72,516.8394011,0.392,45080
0.8,0.98,3.95,603.2304,708.1323492,469.504,523.5048209,0.392,45080
0.8,0.98,4,604.2888,717.1503369,470.288,530.1702407,0.392,45080
0.81,0.97,3.8,600.23421,684.5603847,467.2846,506.0326177,0.39285,45177.75
0.81,0.97,3.85,601.294905,693.6244926,468.0703,512.7314662,0.39285,45177.75
0.81,0.97,3.9,602.3556,702.6886006,468.856,519.4303147,0.39285,45177.75
0.81,0.97,3.95,603.416295,711.7527085,469.6417,526.1291632,0.39285,45177.75
0.81,0.97,4,604.47699,720.8168164,470.4274,532.8280117,0.39285,45177.75
0.82,0.96,3.8,600.39216,687.9181493,467.4016,508.4635923,0.3936,45264
0.82,0.96,3.85,601.45488,697.0267328,468.1888,515.1946377,0.3936,45264
0.82,0.96,3.9,602.5176,706.1353164,468.976,521.9256831,0.3936,45264
0.82,0.96,3.95,603.58032,715.2438999,469.7632,528.6567285,0.3936,45264
0.82,0.96,4,604.64304,724.3524835,470.5504,535.3877739,0.3936,45264
0.83,0.95,3.8,600.52905,691.1516797,467.503,510.8014855,0.39425,45338.75
0.83,0.95,3.85,601.593525,700.3030944,468.2915,517.563496,0.39425,45338.75
0.83,0.95,3.9,602.658,709.454509,469.08,524.3255064,0.39425,45338.75
0.83,0.95,3.95,603.722475,718.6059236,469.8685,531.0875169,0.39425,45338.75
0.83,0.95,4,604.78695,727.7573383,470.657,537.8495273,0.39425,45338.75
0.84,0.94,3.8,600.64488,694.2609761,467.5888,513.0462972,0.3948,45402
0.84,0.94,3.85,601.71084,703.4535772,468.3784,519.8380409,0.3948,45402
0.84,0.94,3.9,602.7768,712.6461784,469.168,526.6297846,0.3948,45402
0.84,0.94,3.95,603.84276,721.8387795,469.9576,533.4215282,0.3948,45402
0.84,0.94,4,604.90872,731.0313807,470.7472,540.2132719,0.3948,45402
0.79,1,3.8,600.687,683.4561121,467.62,505.3372229,0.395,45425
0.79,1,3.85,601.7535,692.5055602,468.41,512.0268287,0.395,45425
0.79,1,3.9,602.82,701.5550083,469.2,518.7164345,0.395,45425
0.79,1,3.95,603.8865,710.6044563,469.99,525.4060402,0.395,45425
0.79,1,4,604.953,719.6539044,470.78,532.095646,0.395,45425
0.85,0.93,3.8,600.73965,697.2460383,467.659,515.1980274,0.39525,45453.75
0.85,0.93,3.85,601.806825,706.4781814,468.4495,522.0182725,0.39525,45453.75
0.85,0.93,3.9,602.874,715.7103246,469.24,528.8385175,0.39525,45453.75
0.85,0.93,3.95,603.941175,724.9424677,470.0305,535.6587626,0.39525,45453.75
0.85,0.93,4,605.00835,734.1746108,470.821,542.4790077,0.39525,45453.75
0.86,0.92,3.8,600.81336,700.1068665,467.7136,517.2566761,0.3956,45494
0.86,0.92,3.85,601.88148,709.376907,468.5048,524.1041907,0.3956,45494
0.86,0.92,3.9,602.9496,718.6469475,469.296,530.9517054,0.3956,45494
0.86,0.92,3.95,604.01772,727.916988,470.0872,537.79922,0.3956,45494
0.86,0.92,4,605.08584,737.1870285,470.8784,544.6467347,0.3956,45494
0.87,0.91,3.8,600.86601,702.8434605,467.7526,519.2222432,0.39585,45522.75
0.87,0.91,3.85,601.934805,712.1497539,468.5443,526.0957956,0.39585,45522.75
0.87,0.91,3.9,603.0036,721.4560472,469.336,532.969348,0.39585,45522.75
0.87,0.91,3.95,604.072395,730.7623406,470.1277,539.8429004,0.39585,45522.75
0.87,0.91,4,605.14119,740.0686339,470.9194,546.7164528,0.39585,45522.75
0.88,0.9,3.8,600.8976,705.4558205,467.776,521.0947289,0.396,45540
0.8,0.99,3.8,600.8976,687.1380912,467.776,508.0106366,0.396,45540
0.88,0.9,3.85,601.9668,714.7967221,468.568,527.9930872,0.396,45540
0.8,0.99,3.85,601.9668,696.2363069,468.568,514.7356478,0.396,45540
0.88,0.9,3.9,603.036,724.1376237,469.36,534.8914455,0.396,45540
0.8,0.99,3.9,603.036,705.3345226,469.36,521.460659,0.396,45540
0.88,0.9,3.95,604.1052,733.4785254,470.152,541.7898038,0.396,45540
0.8,0.99,3.95,604.1052,714.4327382,470.152,528.1856702,0.396,45540
0.88,0.9,4,605.1744,742.819427,470.944,548.6881622,0.396,45540
0.8,0.99,4,605.1744,723.5309539,470.944,534.9106814,0.396,45540
0.89,0.89,3.8,600.90813,707.9439463,467.7838,522.8741331,0.39605,45545.75
0.89,0.89,3.85,601.977465,717.3178117,468.5759,529.7960655,0.39605,45545.75
0.89,0.89,3.9,603.0468,726.691677,469.368,536.7179979,0.39605,45545.75
0.89,0.89,3.95,604.116135,736.0655424,470.1601,543.6399303,0.39605,45545.75
0.89,0.89,4,605.18547,745.4394077,470.9522,550.5618627,0.39605,45545.75
0.81,0.98,3.8,601.08714,690.6958362,467.9164,510.5909687,0.3969,45643.5
0.81,0.98,3.85,602.15877,699.8411749,468.7102,517.3501535,0.3969,45643.5
0.81,0.98,3.9,603.2304,708.9865136,469.504,524.1093383,0.3969,45643.5
0.81,0.98,3.95,604.30203,718.1318524,470.2978,530.8685231,0.3969,45643.5
0.81,0.98,4,605.37366,727.2771911,471.0916,537.6277079,0.3969,45643.5
0.82,0.97,3.8,601.25562,694.129347,468.0412,513.0782193,0.3977,45735.5
0.82,0.97,3.85,602.32941,703.3201643,468.8366,519.8703459,0.3977,45735.5
0.82,0.97,3.9,603.4032,712.5109815,469.632,526.6624725,0.3977,45735.5
0.82,0.97,3.95,604.47699,721.7017987,470.4274,533.4545991,0.3977,45735.5
0.82,0.97,4,605.55078,730.8926159,471.2228,540.2467256,0.3977,45735.5
0.83,0.96,3.8,601.40304,697.4386238,468.1504,515.4723884,0.3984,45816
0.83,0.96,3.85,602.47872,706.673275,468.9472,522.296225,0.3984,45816
0.83,0.96,3.9,603.5544,715.9079261,469.744,529.1200615,0.3984,45816
0.83,0.96,3.95,604.63008,725.1425772,470.5408,535.943898,0.3984,45816
0.83,0.96,4,605.70576,734.3772284,471.3376,542.7677346,0.3984,45816
0.84,0.95,3.8,601.5294,700.6236665,468.244,517.7734761,0.399,45885
0.84,0.95,3.85,602.6067,709.900507,469.042,524.6277907,0.399,45885
0.84,0.95,3.9,603.684,719.1773475,469.84,531.4821054,0.399,45885
0.84,0.95,3.95,604.7613,728.454188,470.638,538.33642,0.399,45885
0.84,0.95,4,605.8386,737.7310285,471.436,545.1907347,0.399,45885
0.85,0.94,3.8,601.6347,703.6844751,468.322,519.9814822,0.3995,45942.5
0.85,0.94,3.85,602.71335,713.0018604,469.121,526.8650431,0.3995,45942.5
0.85,0.94,3.9,603.792,722.3192457,469.92,533.7486041,0.3995,45942.5
0.85,0.94,3.95,604.87065,731.636631,470.719,540.632165,0.3995,45942.5
0.85,0.94,4,605.9493,740.9540163,471.518,547.515726,0.3995,45942.5
0.86,0.93,3.8,601.71894,706.6210495,468.3844,522.0964068,0.3999,45988.5
0.86,0.93,3.85,602.79867,715.9773351,469.1842,529.0079822,0.3999,45988.5
0.86,0.93,3.9,603.8784,725.3336207,469.984,535.9195576,0.3999,45988.5
0.86,0.93,3.95,604.95813,734.6899062,470.7838,542.831133,0.3999,45988.5
0.86,0.93,4,606.03786,744.0461918,471.5836,549.7427084,0.3999,45988.5
0.8,1,3.8,601.74,693.1977963,468.4,512.5127117,0.4,46000
0.8,1,3.85,602.82,702.37624,469.2,519.2973143,0.4,46000
0.8,1,3.9,603.9,711.5546836,470,526.0819169,0.4,46000
0.8,1,3.95,604.98,720.7331273,470.8,532.8665195,0.4,46000
0.8,1,4,606.06,729.9115709,471.6,539.6511221,0.4,46000
0.87,0.92,3.8,601.78212,709.4333899,468.4312,524.1182499,0.4002,46023
0.87,0.92,3.85,602.86266,718.8269311,469.2316,531.056608,0.4002,46023
0.87,0.92,3.9,603.9432,728.2204724,470.032,537.994966,0.4002,46023
0.87,0.92,3.95,605.02374,737.6140137,470.8324,544.933324,0.4002,46023
0.87,0.92,4,606.10428,747.0075549,471.6328,551.8716821,0.4002,46023
0.88,0.91,3.8,601.82424,712.1214961,468.4624,526.0470115,0.4004,46046
0.88,0.91,3.85,602.90532,721.5506485,469.2632,533.0109204,0.4004,46046
0.88,0.91,3.9,603.9864,730.9798009,470.064,539.9748292,0.4004,46046
0.88,0.91,3.95,605.06748,740.4089533,470.8648,546.9387381,0.4004,46046
0.88,0.91,4,606.14856,749.8381057,471.6656,553.9026469,0.4004,46046
0.89,0.9,3.8,601.8453,714.6853683,468.478,527.8826916,0.4005,46057.5
0.89,0.9,3.85,602.92665,724.1484872,469.279,534.8709195,0.4005,46057.5
0.89,0.9,3.9,604.008,733.6116062,470.08,541.8591473,0.4005,46057.5
0.89,0.9,3.95,605.08935,743.0747252,470.881,548.8473751,0.4005,46057.5
0.89,0.9,4,606.1707,752.5378441,471.682,555.835603,0.4005,46057.5
0.81,0.99,3.8,601.94007,696.8312876,468.5482,515.1493197,0.40095,46109.25
0.81,0.99,3.85,603.022635,706.0578572,469.3501,521.9688408,0.40095,46109.25
0.81,0.99,3.9,604.1052,715.2844267,470.152,528.7883619,0.40095,46109.25
0.81,0.99,3.95,605.187765,724.5109962,470.9539,535.607883,0.40095,46109.25
0.81,0.99,4,606.27033,733.7375658,471.7558,542.4274041,0.40095,46109.25
0.82,0.98,3.8,602.11908,700.3405448,468.6808,517.6928463,0.4018,46207
0.82,0.98,3.85,603.20394,709.6135957,469.4844,524.5460541,0.4018,46207
0.82,0.98,3.9,604.2888,718.8866466,470.288,531.3992618,0.4018,46207
0.82,0.98,3.95,605.37366,728.1596974,471.0916,538.2524696,0.4018,46207
0.82,0.98,4,606.45852,737.4327483,471.8952,545.1056774,0.4018,46207
0.83,0.97,3.8,602.27703,703.7255679,468.7978,520.1432914,0.40255,46293.25
0.83,0.97,3.85,603.363915,713.0434556,469.6029,527.028954,0.40255,46293.25
0.83,0.97,3.9,604.4508,722.3613432,470.408,533.9146166,0.40255,46293.25
0.83,0.97,3.95,605.537685,731.6792309,471.2131,540.8002792,0.40255,46293.25
0.83,0.97,4,606.62457,740.9971185,472.0182,547.6859418,0.40255,46293.25
0.84,0.96,3.8,602.41392,706.9863569,468.8992,522.5006549,0.4032,46368
0.84,0.96,3.85,603.50256,716.3474368,469.7056,529.4175405,0.4032,46368
0.84,0.96,3.9,604.5912,725.7085166,470.512,536.3344262,0.4032,46368
0.84,0.96,3.95,605.67984,735.0695965,471.3184,543.2513118,0.4032,46368
0.84,0.96,4,606.76848,744.4306764,472.1248,550.1681974,0.4032,46368
0.85,0.95,3.8,602.52975,710.1229118,468.985,524.764937,0.40375,46431.25
0.85,0.95,3.85,603.619875,719.5255393,469.7925,531.7118138,0.40375,46431.25
0.85,0.95,3.9,604.71,728.9281668,470.6,538.6586906,0.40375,46431.25
0.85,0.95,3.95,605.800125,738.3307944,471.4075,545.6055674,0.40375,46431.25
0.85,0.95,4,606.89025,747.7334219,472.215,552.5524442,0.40375,46431.25
0.86,0.94,3.8,602.62452,713.1352325,469.0552,526.9361375,0.4042,46483
0.86,0.94,3.85,603.71586,722.5777632,469.8636,533.9117737,0.4042,46483
0.86,0.94,3.9,604.8072,732.0202938,470.672,540.8874099,0.4042,46483
0.86,0.94,3.95,605.89854,741.4628244,471.4804,547.863046,0.4042,46483
0.86,0.94,4,606.98988,750.9053551,472.2888,554.8386822,0.4042,46483
0.87,0.93,3.8,602.69823,716.0233192,469.1098,529.0142566,0.40455,46523.25
0.87,0.93,3.85,603.790515,725.5041084,469.9189,536.0174203,0.40455,46523.25
0.87,0.93,3.9,604.8828,734.9848976,470.728,543.020584,0.40455,46523.25
0.87,0.93,3.95,605.975085,744.4656867,471.5371,550.0237477,0.40455,46523.25
0.87,0.93,4,607.06737,753.9464759,472.3462,557.0269114,0.40455,46523.25
0.88,0.92,3.8,602.75088,718.7871718,469.1488,530.9992941,0.4048,46552
0.88,0.92,3.85,603.84384,728.3045749,469.9584,538.0287535,0.4048,46552
0.88,0.92,3.9,604.9368,737.8219781,470.768,545.0582129,0.4048,46552
0.88,0.92,3.95,606.02976,747.3393812,471.5776,552.0876723,0.4048,46552
0.88,0.92,4,607.12272,756.8567844,472.3872,559.1171317,0.4048,46552
0.89,0.91,3.8,602.78247,721.4267903,469.1722,532.8912502,0.40495,46569.25
0.89,0.91,3.85,603.875835,730.9791628,469.9821,539.9457734,0.40495,46569.25
0.89,0.91,3.9,604.9692,740.5315354,470.792,547.0002967,0.40495,46569.25
0.89,0.91,3.95,606.062565,750.083908,471.6019,554.05482,0.40495,46569.25
0.89,0.91,4,607.15593,759.6362805,472.4118,561.1093432,0.40495,46569.25
0.9,0.9,3.8,602.793,723.9421746,469.18,534.6901247,0.405,46575
0.81,1,3.8,602.793,702.9667391,469.18,519.7076708,0.405,46575
0.9,0.9,3.85,603.8865,733.5278721,469.99,541.76848,0.405,46575
0.81,1,3.85,603.8865,712.2745394,469.99,526.5875282,0.405,46575
0.9,0.9,3.9,604.98,743.1135695,470.8,548.8468353,0.405,46575
0.81,1,3.9,604.98,721.5823398,470.8,533.4673856,0.405,46575
0.9,0.9,3.95,606.0735,752.6992669,471.61,555.9251907,0.405,46575
0.81,1,3.95,606.0735,730.8901401,471.61,540.347243,0.405,46575
0.9,0.9,4,607.167,762.2849644,472.42,563.003546,0.405,46575
0.81,1,4,607.167,740.1979405,472.42,547.2271004,0.405,46575
0.82,0.99,3.8,602.98254,706.5517426,469.3204,522.3074733,0.4059,46678.5
0.82,0.99,3.85,604.07847,715.9070271,470.1322,529.2217622,0.4059,46678.5
0.82,0.99,3.9,605.1744,725.2623117,470.944,536.1360512,0.4059,46678.5
0.82,0.99,3.95,606.27033,734.6175962,471.7558,543.0503401,0.4059,46678.5
0.82,0.99,4,607.36626,743.9728807,472.5676,549.9646291,0.4059,46678.5
0.83,0.98,3.8,603.15102,710.012512,469.4452,524.8141943,0.4067,46770.5
0.83,0.98,3.85,604.24911,719.4136362,470.2586,531.761683,0.4067,46770.5
0.83,0.98,3.9,605.3472,728.8147603,471.072,538.7091717,0.4067,46770.5
0.83,0.98,3.95,606.44529,738.2158845,471.8854,545.6566603,0.4067,46770.5
0.83,0.98,4,607.54338,747.6170086,472.6988,552.604149,0.4067,46770.5
0.84,0.97,3.8,603.29844,713.3490473,469.5544,527.2278338,0.4074,46851
0.84,0.97,3.85,604.39842,722.7943665,470.3692,534.2072904,0.4074,46851
0.84,0.97,3.9,605.4984,732.2396857,471.184,541.186747,0.4074,46851
0.84,0.97,3.95,606.59838,741.685005,471.9988,548.1662036,0.4074,46851
0.84,0.97,4,607.69836,751.1303242,472.8136,555.1456602,0.4074,46851
0.85,0.96,3.8,603.4248,716.5613485,469.648,529.5483918,0.408,46920
0.85,0.96,3.85,604.5264,726.0492182,470.464,536.5585844,0.408,46920
0.85,0.96,3.9,605.628,735.537088,471.28,543.5687771,0.408,46920
0.85,0.96,3.95,606.7296,745.0249577,472.096,550.5789698,0.408,46920
0.85,0.96,4,607.8312,754.5128274,472.912,557.5891625,0.408,46920
0.86,0.95,3.8,603.5301,719.6494156,469.726,531.7758683,0.4085,46977.5
0.86,0.95,3.85,604.63305,729.1781913,470.543,538.8155652,0.4085,46977.5
0.86,0.95,3.9,605.736,738.7069669,471.36,545.8552621,0.4085,46977.5
0.86,0.95,3.95,606.83895,748.2357426,472.177,552.894959,0.4085,46977.5
0.86,0.95,4,607.9419,757.7645183,472.994,559.9346559,0.4085,46977.5
0.87,0.94,3.8,603.61434,722.6132486,469.7884,533.9102633,0.4089,47023.5
0.87,0.94,3.85,604.71837,732.1812856,470.6062,540.9782326,0.4089,47023.5
0.87,0.94,3.9,605.8224,741.7493227,471.424,548.0462019,0.4089,47023.5
0.87,0.94,3.95,606.92643,751.3173598,472.2418,555.1141713,0.4089,47023.5
0.87,0.94,4,608.03046,760.8853969,473.0596,562.1821406,0.4089,47023.5
0.88,0.93,3.8,603.67752,725.4528474,469.8352,535.9515767,0.4092,47058
0.88,0.93,3.85,604.78236,735.0585013,470.6536,543.0465867,0.4092,47058
0.88,0.93,3.9,605.8872,744.6641553,471.472,550.1415966,0.4092,47058
0.88,0.93,3.95,606.99204,754.2698092,472.2904,557.2366066,0.4092,47058
0.88,0.93,4,608.09688,763.8754631,473.1088,564.3316165,0.4092,47058
0.89,0.92,3.8,603.71964,728.1682122,469.8664,537.8998087,0.4094,47081
0.89,0.92,3.85,604.82502,737.8098384,470.6852,545.0206274,0.4094,47081
0.89,0.92,3.9,605.9304,747.4514646,471.504,552.1414461,0.4094,47081
0.89,0.92,3.95,607.03578,757.0930908,472.3228,559.2622648,0.4094,47081
0.89,0.92,4,608.14116,766.734717,473.1416,566.3830835,0.4094,47081
0.9,0.91,3.8,603.7407,730.7593429,469.882,539.7549592,0.4095,47092.5
0.9,0.91,3.85,604.84635,740.4352968,470.701,546.9003549,0.4095,47092.5
0.9,0.91,3.9,605.952,750.1112507,471.52,554.0457505,0.4095,47092.5
0.9,0.91,3.95,607.05765,759.7872046,472.339,561.1911461,0.4095,47092.5
0.9,0.91,4,608.1633,769.4631585,473.158,568.3365418,0.4095,47092.5
0.82,1,3.8,603.846,712.7629404,469.96,526.9221003,0.41,47150
0.82,1,3.85,604.953,722.2004586,470.78,533.8974704,0.41,47150
0.82,1,3.9,606.06,731.6379768,471.6,540.8728405,0.41,47150
0.82,1,3.95,607.167,741.075495,472.42,547.8482107,0.41,47150
0.82,1,4,608.274,750.5130132,473.24,554.8235808,0.41,47150
0.83,0.99,3.8,604.02501,716.2994561,470.0926,529.4850972,0.41085,47247.75
0.83,0.99,3.85,605.134305,725.7838167,470.9143,536.494412,0.41085,47247.75
0.83,0.99,3.9,606.2436,735.2681774,471.736,543.5037267,0.41085,47247.75
0.83,0.99,3.95,607.352895,744.7525381,472.5577,550.5130415,0.41085,47247.75
0.83,0.99,4,608.46219,754.2368988,473.3794,557.5223563,0.41085,47247.75
0.84,0.98,3.8,604.18296,719.7117377,470.2096,531.9550126,0.4116,47334
0.84,0.98,3.85,605.29428,729.2412963,471.0328,538.9970402,0.4116,47334
0.84,0.98,3.9,606.4056,738.7708549,471.856,546.0390678,0.4116,47334
0.84,0.98,3.95,607.51692,748.3004135,472.6792,553.0810953,0.4116,47334
0.84,0.98,4,608.62824,757.8299721,473.5024,560.1231229,0.4116,47334
0.85,0.97,3.8,604.31985,722.9997852,470.311,534.3318466,0.41225,47408.75
0.85,0.97,3.85,605.432925,732.5728971,471.1355,541.4053551,0.41225,47408.75
0.85,0.97,3.9,606.546,742.1460091,471.96,548.4788636,0.41225,47408.75
0.85,0.97,3.95,607.659075,751.719121,472.7845,555.5523722,0.41225,47408.75
0.85,0.97,4,608.77215,761.292233,473.609,562.6258807,0.41225,47408.75
0.86,0.96,3.8,604.43568,726.1635986,470.3968,536.615599,0.4128,47472
0.86,0.96,3.85,605.55024,735.7786193,471.2224,543.7193567,0.4128,47472
0.86,0.96,3.9,606.6648,745.3936401,472.048,550.8231144,0.4128,47472
0.86,0.96,3.95,607.77936,755.0086608,472.8736,557.926872,0.4128,47472
0.86,0.96,4,608.89392,764.6236816,473.6992,565.0306297,0.4128,47472
0.87,0.95,3.8,604.53045,729.2031779,470.467,538.8062699,0.41325,47523.75
0.87,0.95,3.85,605.646225,738.8584629,471.2935,545.9390449,0.41325,47523.75
0.87,0.95,3.9,606.762,748.5137479,472.12,553.0718199,0.41325,47523.75
0.87,0.95,3.95,607.877775,758.1690329,472.9465,560.2045949,0.41325,47523.75
0.87,0.95,4,608.99355,767.8243179,473.773,567.3373699,0.41325,47523.75
0.88,0.94,3.8,604.60416,732.1185231,470.5216,540.9038594,0.4136,47564
0.88,0.94,3.85,605.72088,741.8124278,471.3488,548.0644198,0.4136,47564
0.88,0.94,3.9,606.8376,751.5063324,472.176,555.2249803,0.4136,47564
0.88,0.94,3.95,607.95432,761.2002371,473.0032,562.3855408,0.4136,47564
0.88,0.94,4,609.07104,770.8941418,473.8304,569.5461013,0.4136,47564
0.89,0.93,3.8,604.65681,734.9096342,470.5606,542.9083673,0.41385,47592.75
0.89,0.93,3.85,605.774205,744.640514,471.3883,550.0954814,0.41385,47592.75
0.89,0.93,3.9,606.8916,754.3713938,472.216,557.2825956,0.41385,47592.75
0.89,0.93,3.95,608.008995,764.1022736,473.0437,564.4697097,0.41385,47592.75
0.89,0.93,4,609.12639,773.8331534,473.8714,571.6568238,0.41385,47592.75
0.9,0.92,3.8,604.6884,737.5765112,470.584,544.8197937,0.414,47610
0.9,0.92,3.85,605.8062,747.3427215,471.412,552.0322297,0.414,47610
0.9,0.92,3.9,606.924,757.1089319,472.24,559.2446656,0.414,47610
0.9,0.92,3.95,608.0418,766.8751422,473.068,566.4571016,0.414,47610
0.9,0.92,4,609.1596,776.6413526,473.896,573.6695376,0.414,47610
0.91,0.91,3.8,604.69893,740.1191541,470.5918,546.6381386,0.41405,47615.75
0.91,0.91,3.85,605.816865,749.9190504,471.4199,553.8746646,0.41405,47615.75
0.91,0.91,3.9,606.9348,759.7189468,472.248,561.1111906,0.41405,47615.75
0.91,0.91,3.95,608.052735,769.5188431,473.0761,568.3477165,0.41405,47615.75
0.91,0.91,4,609.17067,779.3187395,473.9042,575.5842425,0.41405,47615.75
0.83,1,3.8,604.899,722.5864002,470.74,534.1560001,0.415,47725
0.83,1,3.85,606.0195,732.1539973,471.57,541.227141,0.415,47725
0.83,1,3.9,607.14,741.7215945,472.4,548.2982818,0.415,47725
0.83,1,3.95,608.2605,751.2891917,473.23,555.3694227,0.415,47725
0.83,1,4,609.381,760.8567889,474.06,562.4405635,0.415,47725
0.84,0.99,3.8,605.06748,726.0744281,470.8648,536.6821915,0.4158,47817
0.84,0.99,3.85,606.19014,735.688226,471.6964,543.78679,0.4158,47817
0.84,0.99,3.9,607.3128,745.302024,472.528,550.8913886,0.4158,47817
0.84,0.99,3.95,608.43546,754.9158219,473.3596,557.9959871,0.4158,47817
0.84,0.99,4,609.55812,764.5296199,474.1912,565.1005856,0.4158,47817
0.85,0.98,3.8,605.2149,729.4382219,470.974,539.1153014,0.4165,47897.5
0.85,0.98,3.85,606.33945,739.0965761,471.807,546.2521258,0.4165,47897.5
0.85,0.98,3.9,607.464,748.7549302,472.64,553.3889502,0.4165,47897.5
0.85,0.98,3.95,608.58855,758.4132844,473.473,560.5257746,0.4165,47897.5
0.85,0.98,4,609.7131,768.0716385,474.306,567.662599,0.4165,47897.5
0.86,0.97,3.8,605.34126,732.6777816,471.0676,541.4553297,0.4171,47966.5
0.86,0.97,3.85,606.46743,742.3790474,471.9018,548.6231482,0.4171,47966.5
0.86,0.97,3.9,607.5936,752.0803132,472.736,555.7909666,0.4171,47966.5
0.86,0.97,3.95,608.71977,761.781579,473.5702,562.958785,0.4171,47966.5
0.86,0.97,4,609.84594,771.4828449,474.4044,570.1266035,0.4171,47966.5
0.87,0.96,3.8,605.44656,735.7931072,471.1456,543.7022766,0.4176,48024
0.87,0.96,3.85,606.57408,745.5356401,471.9808,550.8998572,0.4176,48024
0.87,0.96,3.9,607.7016,755.278173,472.816,558.0974379,0.4176,48024
0.87,0.96,3.95,608.82912,765.0207059,473.6512,565.2950185,0.4176,48024
0.87,0.96,4,609.95664,774.7632388,474.4864,572.4925992,0.4176,48024
0.88,0.95,3.8,605.5308,738.7841987,471.208,545.856142,0.418,48070
0.88,0.95,3.85,606.6594,748.5663542,472.044,553.082253,0.418,48070
0.88,0.95,3.9,607.788,758.3485096,472.88,560.308364,0.418,48070
0.88,0.95,3.95,608.9166,768.130665,473.716,567.534475,0.418,48070
0.88,0.95,4,610.0452,777.9128205,474.552,574.760586,0.418,48070
0.89,0.94,3.8,605.59398,741.6510562,471.2548,547.9169258,0.4183,48104.5
0.89,0.94,3.85,606.72339,751.4711896,472.0914,555.1703354,0.4183,48104.5
0.89,0.94,3.9,607.8528,761.291323,472.928,562.423745,0.4183,48104.5
0.89,0.94,3.95,608.98221,771.1114564,473.7646,569.6771545,0.4183,48104.5
0.89,0.94,4,610.11162,780.9315898,474.6012,576.9305641,0.4183,48104.5
0.9,0.93,3.8,605.6361,744.3936795,471.286,549.8846282,0.4185,48127.5
0.9,0.93,3.85,606.76605,754.2501463,472.123,557.1641045,0.4185,48127.5
0.9,0.93,3.9,607.896,764.1066131,472.96,564.4435808,0.4185,48127.5
0.9,0.93,3.95,609.02595,773.9630799,473.797,571.7230571,0.4185,48127.5
0.9,0.93,4,610.1559,783.8195467,474.634,579.0025334,0.4185,48127.5
0.91,0.92,3.8,605.65716,747.0120687,471.3016,551.7592491,0.4186,48139
0.91,0.92,3.85,606.78738,756.9032243,472.1388,559.0635602,0.4186,48139
0.91,0.92,3.9,607.9176,766.79438,472.976,566.3678714,0.4186,48139
0.91,0.92,3.95,609.04782,776.6855357,473.8132,573.6721826,0.4186,48139
0.91,0.92,4,610.17804,786.5766913,474.6504,580.9764938,0.4186,48139
0.84,1,3.8,605.952,732.4371185,471.52,541.4093703,0.42,48300
0.84,1,3.85,607.086,742.1351558,472.36,548.5765398,0.42,48300
0.84,1,3.9,608.22,751.8331931,473.2,555.7437094,0.42,48300
0.84,1,3.95,609.354,761.5312304,474.04,562.9108789,0.42,48300
0.84,1,4,610.488,771.2292677,474.88,570.0780484,0.42,48300
0.85,0.99,3.8,606.10995,735.8766586,471.637,543.8987562,0.42075,48386.25
0.85,0.99,3.85,607.245975,745.620255,472.4785,551.0988964,0.42075,48386.25
0.85,0.99,3.9,608.382,755.3638514,473.32,558.2990367,0.42075,48386.25
0.85,0.99,3.95,609.518025,765.1074477,474.1615,565.4991769,0.42075,48386.25
0.85,0.99,4,610.65405,774.8510441,475.003,572.6993172,0.42075,48386.25
0.86,0.98,3.8,606.24684,739.1919646,471.7384,546.2950605,0.4214,48461
0.86,0.98,3.85,607.38462,748.9794755,472.5812,553.5269397,0.4214,48461
0.86,0.98,3.9,608.5224,758.7669864,473.424,560.7588188,0.4214,48461
0.86,0.98,3.95,609.66018,768.5544973,474.2668,567.990698,0.4214,48461
0.86,0.98,4,610.79796,778.3420081,475.1096,575.2225772,0.4214,48461
0.87,0.97,3.8,606.36267,742.3830366,471.8242,548.5982833,0.42195,48524.25
0.87,0.97,3.85,607.501935,752.2128174,472.6681,555.8606696,0.42195,48524.25
0.87,0.97,3.9,608.6412,762.0425982,473.512,563.1230559,0.42195,48524.25
0.87,0.97,3.95,609.780465,771.872379,474.3559,570.3854421,0.42195,48524.25
0.87,0.97,4,610.91973,781.7021598,475.1998,577.6478284,0.42195,48524.25
0.88,0.96,3.8,606.45744,745.4498744,471.8944,550.8084246,0.4224,48576
0.88,0.96,3.85,607.59792,755.3202806,472.7392,558.1000861,0.4224,48576
0.88,0.96,3.9,608.7384,765.1906868,473.584,565.3917477,0.4224,48576
0.88,0.96,3.95,609.87888,775.061093,474.4288,572.6834093,0.4224,48576
0.88,0.96,4,611.01936,784.9314992,475.2736,579.9750708,0.4224,48576
0.89,0.95,3.8,606.53115,748.3924781,471.949,552.9254844,0.42275,48616.25
0.89,0.95,3.85,607.672575,758.3018651,472.7945,560.2451894,0.42275,48616.25
0.89,0.95,3.9,608.814,768.2112521,473.64,567.5648944,0.42275,48616.25
0.89,0.95,3.95,609.955425,778.1206391,474.4855,574.8845994,0.42275,48616.25
0.89,0.95,4,611.09685,788.0300262,475.331,582.2043044,0.42275,48616.25
0.9,0.94,3.8,606.5838,751.2108477,471.988,554.9494627,0.423,48645
0.9,0.94,3.85,607.7259,761.157571,472.834,562.2959793,0.423,48645
0.9,0.94,3.9,608.868,771.1042943,473.68,569.6424959,0.423,48645
0.9,0.94,3.95,610.0101,781.0510176,474.526,576.9890125,0.423,48645
0.9,0.94,4,611.1522,790.9977408,475.372,584.3355292,0.423,48645
0.91,0.93,3.8,606.61539,753.9049833,472.0114,556.8803595,0.42315,48662.25
0.91,0.93,3.85,607.757895,763.8873982,472.8577,564.2524559,0.42315,48662.25
0.91,0.93,3.9,608.9004,773.8698132,473.704,571.6245523,0.42315,48662.25
0.91,0.93,3.95,610.042905,783.8522282,474.5503,578.9966487,0.42315,48662.25
0.91,0.93,4,611.18541,793.8346431,475.3966,586.3687451,0.42315,48662.25
0.92,0.92,3.8,606.62592,756.4748847,472.0192,558.7181748,0.4232,48668
0.92,0.92,3.85,607.76856,766.4913468,472.8656,566.1146191,0.4232,48668
0.92,0.92,3.9,608.9112,776.5078089,473.712,573.5110635,0.4232,48668
0.92,0.92,3.95,610.05384,786.524271,474.5584,580.9075079,0.4232,48668
0.92,0.92,4,611.19648,796.5407331,475.4048,588.3039522,0.4232,48668
0.85,1,3.8,607.005,742.3150953,472.3,548.6822109,0.425,48875
0.85,1,3.85,608.1525,752.1439339,473.15,555.9456671,0.425,48875
0.85,1,3.9,609.3,761.9727725,474,563.2091232,0.425,48875
0.85,1,3.95,610.4475,771.8016111,474.85,570.4725793,0.425,48875
0.85,1,4,611.595,781.6304497,475.7,577.7360355,0.425,48875
0.86,0.99,3.8,607.15242,745.7061477,472.4092,551.1347912,0.4257,48955.5
0.86,0.99,3.85,608.30181,755.5799036,473.2606,558.4307311,0.4257,48955.5
0.86,0.99,3.9,609.4512,765.4536595,474.112,565.7266711,0.4257,48955.5
0.86,0.99,3.95,610.60059,775.3274155,474.9634,573.022611,0.4257,48955.5
0.86,0.99,4,611.74998,785.2011714,475.8148,580.318551,0.4257,48955.5
0.87,0.98,3.8,607.27878,748.9729659,472.5028,553.4942899,0.4263,49024.5
0.87,0.98,3.85,608.42979,758.8899946,473.3554,560.8214819,0.4263,49024.5
0.87,0.98,3.9,609.5808,768.8070233,474.208,568.1486738,0.4263,49024.5
0.87,0.98,3.95,610.73181,778.7240521,475.0606,575.4758658,0.4263,49024.5
0.87,0.98,4,611.88282,788.6410808,475.9132,582.8030577,0.4263,49024.5
0.88,0.97,3.8,607.38408,752.1155501,472.5808,555.7607072,0.4268,49082
0.88,0.97,3.85,608.53644,762.074207,473.4344,563.1179193,0.4268,49082
0.88,0.97,3.9,609.6888,772.0328639,474.288,570.4751314,0.4268,49082
0.88,0.97,3.95,610.84116,781.9915209,475.1416,577.8323435,0.4268,49082
0.88,0.97,4,611.99352,791.9501778,475.9952,585.1895556,0.4268,49082
0.89,0.96,3.8,607.46832,755.1339001,472.6432,557.9340429,0.4272,49128
0.89,0.96,3.85,608.62176,765.1325407,473.4976,565.3200434,0.4272,49128
0.89,0.96,3.9,609.7752,775.1311813,474.352,572.7060438,0.4272,49128
0.89,0.96,3.95,610.92864,785.1298219,475.2064,580.0920442,0.4272,49128
0.89,0.96,4,612.08208,795.1284626,476.0608,587.4780447,0.4272,49128
0.9,0.95,3.8,607.5315,758.028016,472.69,560.0142972,0.4275,49162.5
0.9,0.95,3.85,608.68575,768.0649958,473.545,567.4278541,0.4275,49162.5
0.9,0.95,3.9,609.84,778.1019755,474.4,574.8414111,0.4275,49162.5
0.9,0.95,3.95,610.99425,788.1389552,475.255,582.254968,0.4275,49162.5
0.9,0.95,4,612.1485,798.1759349,476.11,589.668525,0.4275,49162.5
0.91,0.94,3.8,607.57362,760.7978979,472.7212,562.0014699,0.4277,49185.5
0.91,0.94,3.85,608.72841,770.8715721,473.5766,569.4413515,0.4277,49185.5
0.91,0.94,3.9,609.8832,780.9452464,474.432,576.8812332,0.4277,49185.5
0.91,0.94,3.95,611.03799,791.0189207,475.2874,584.3211148,0.4277,49185.5
0.91,0.94,4,612.19278,801.092595,476.1428,591.7609964,0.4277,49185.5
0.92,0.93,3.8,607.59468,763.4435456,472.7368,563.8955611,0.4278,49197
0.92,0.93,3.85,608.74974,773.5522699,473.5924,571.3605356,0.4278,49197
0.92,0.93,3.9,609.9048,783.6609941,474.448,578.8255101,0.4278,49197
0.92,0.93,3.95,611.05986,793.7697184,475.3036,586.2904846,0.4278,49197
0.92,0.93,4,612.21492,803.8784427,476.1592,593.7554591,0.4278,49197
0.86,1,3.8,608.058,752.2203307,473.08,555.9745219,0.43,49450
0.86,1,3.85,609.219,762.1803317,473.94,563.3345226,0.43,49450
0.86,1,3.9,610.38,772.1403327,474.8,570.6945233,0.43,49450
0.86,1,3.95,611.541,782.1003337,475.66,578.054524,0.43,49450
0.86,1,4,612.702,792.0603347,476.52,585.4145248,0.43,49450
0.87,0.99,3.8,608.19489,755.5628953,473.1814,558.3902966,0.43065,49524.75
0.87,0.99,3.85,609.357645,765.5671719,474.0427,565.7822942,0.43065,49524.75
0.87,0.99,3.9,610.5204,775.5714485,474.904,573.1742918,0.43065,49524.75
0.87,0.99,3.95,611.683155,785.5757251,475.7653,580.5662894,0.43065,49524.75
0.87,0.99,4,612.84591,795.5800018,476.6266,587.958287,0.43065,49524.75
0.88,0.98,3.8,608.31072,758.7812257,473.2672,560.7129898,0.4312,49588
0.88,0.98,3.85,609.47496,768.8281334,474.1296,568.1357524,0.4312,49588
0.88,0.98,3.9,610.6392,778.8750411,474.992,575.5585151,0.4312,49588
0.88,0.98,3.95,611.80344,788.9219488,475.8544,582.9812777,0.4312,49588
0.88,0.98,4,612.96768,798.9688565,476.7168,590.4040404,0.4312,49588
0.89,0.97,3.8,608.40549,761.8753221,473.3374,562.9426015,0.43165,49639.75
0.89,0.97,3.85,609.570945,771.9632163,474.2007,570.3948973,0.43165,49639.75
0.89,0.97,3.9,610.7364,782.0511105,475.064,577.8471932,0.43165,49639.75
0.89,0.97,3.95,611.901855,792.1390047,475.9273,585.2994891,0.43165,49639.75
0.89,0.97,4,613.06731,802.226899,476.7906,592.751785,0.43165,49639.75
0.9,0.96,3.8,608.4792,764.8451843,473.392,565.0791317,0.432,49680
0.9,0.96,3.85,609.6456,774.9724205,474.256,572.5597289,0.432,49680
0.9,0.96,3.9,610.812,785.0996567,475.12,580.0403262,0.432,49680
0.9,0.96,3.95,611.9784,795.2268929,475.984,587.5209235,0.432,49680
0.9,0.96,4,613.1448,805.3541291,476.848,595.0015208,0.432,49680
0.91,0.95,3.8,608.53185,767.6908125,473.431,567.1225803,0.43225,49708.75
0.91,0.95,3.85,609.698925,777.855746,474.2955,574.6302472,0.43225,49708.75
0.91,0.95,3.9,610.866,788.0206796,475.16,582.137914,0.43225,49708.75
0.91,0.95,3.95,612.033075,798.1856132,476.0245,589.6455809,0.43225,49708.75
0.91,0.95,4,613.20015,808.3505468,476.889,597.1532477,0.43225,49708.75
0.92,0.94,3.8,608.56344,770.4122065,473.4544,569.0729475,0.4324,49726
0.92,0.94,3.85,609.73092,780.6131929,474.3192,576.6064521,0.4324,49726
0.92,0.94,3.9,610.8984,790.8141794,475.184,584.1399567,0.4324,49726
0.92,0.94,3.95,612.06588,801.0151658,476.0488,591.6734613,0.4324,49726
0.92,0.94,4,613.23336,811.2161522,476.9136,599.2069659,0.4324,49726
0.93,0.93,3.8,608.57397,773.0093664,473.4622,570.9302332,0.43245,49731.75
0.93,0.93,3.85,609.741585,783.2447612,474.3271,578.4883437,0.43245,49731.75
0.93,0.93,3.9,610.9092,793.4801559,475.192,586.0464542,0.43245,49731.75
0.93,0.93,3.95,612.076815,803.7155506,476.0569,593.6045647,0.43245,49731.75
0.93,0.93,4,613.24443,813.9509453,476.9218,601.1626752,0.43245,49731.75
0.87,1,3.8,609.111,762.1528246,473.86,563.2863033,0.435,50025
0.87,1,3.85,610.2855,772.2443491,474.73,570.7431065,0.435,50025
0.87,1,3.9,611.46,782.3358737,475.6,578.1999098,0.435,50025
0.87,1,3.95,612.6345,792.4273982,476.47,585.656713,0.435,50025
0.87,1,4,613.809,802.5189227,477.34,593.1135162,0.435,50025
0.88,0.99,3.8,609.23736,765.4469014,473.9536,565.6652724,0.4356,50094
0.88,0.99,3.85,610.41348,775.5820598,474.8248,573.1535856,0.4356,50094
0.88,0.99,3.9,611.5896,785.7172183,475.696,580.6418988,0.4356,50094
0.88,0.99,3.95,612.76572,795.8523768,476.5672,588.130212,0.4356,50094
0.88,0.99,4,613.94184,805.9875352,477.4384,595.6185252,0.4356,50094
0.89,0.98,3.8,609.34266,768.616744,474.0316,567.95116,0.4361,50151.5
0.89,0.98,3.85,610.52013,778.7938919,474.9038,575.4697513,0.4361,50151.5
0.89,0.98,3.9,611.6976,788.9710397,475.776,582.9883426,0.4361,50151.5
0.89,0.98,3.95,612.87507,799.1481875,476.6482,590.506934,0.4361,50151.5
0.89,0.98,4,614.05254,809.3253354,477.5204,598.0255253,0.4361,50151.5
0.9,0.97,3.8,609.4269,771.6623526,474.094,570.1439661,0.4365,50197.5
0.9,0.97,3.85,610.60545,781.8798452,474.967,577.6916037,0.4365,50197.5
0.9,0.97,3.9,611.784,792.0973379,475.84,585.2392413,0.4365,50197.5
0.9,0.97,3.95,612.96255,802.3148305,476.713,592.7868789,0.4365,50197.5
0.9,0.97,4,614.1411,812.5323232,477.586,600.3345165,0.4365,50197.5
0.91,0.96,3.8,609.49008,774.5837271,474.1408,572.2436908,0.4368,50232
0.91,0.96,3.85,610.66944,784.83992,475.0144,579.8191428,0.4368,50232
0.91,0.96,3.9,611.8488,795.0961128,475.888,587.3945949,0.4368,50232
0.91,0.96,3.95,613.02816,805.3523057,476.7616,594.970047,0.4368,50232
0.91,0.96,4,614.20752,815.6084986,477.6352,602.545499,0.4368,50232
0.92,0.95,3.8,609.5322,777.3808674,474.172,574.2503339,0.437,50255
0.92,0.95,3.85,610.7121,787.674116,475.046,581.8523686,0.437,50255
0.92,0.95,3.9,611.892,797.9673646,475.92,589.4544033,0.437,50255
0.92,0.95,3.95,613.0719,808.2606132,476.794,597.056438,0.437,50255
0.92,0.95,4,614.2518,818.5538618,477.668,604.6584727,0.437,50255
0.93,0.94,3.8,609.55326,780.0537737,474.1876,576.1638955,0.4371,50266.5
0.93,0.94,3.85,610.73343,790.3824334,475.0618,583.791281,0.4371,50266.5
0.93,0.94,3.9,611.9136,800.7110931,475.936,591.4186665,0.4371,50266.5
0.93,0.94,3.95,613.09377,811.0397528,476.8102,599.046052,0.4371,50266.5
0.93,0.94,4,614.27394,821.3684125,477.6844,606.6734375,0.4371,50266.5
0.88,1,3.8,610.164,772.112577,474.64,570.617555,0.44,50600
0.88,1,3.85,611.352,782.3359862,475.52,578.1714187,0.44,50600
0.88,1,3.9,612.54,792.5593955,476.4,585.7252825,0.44,50600
0.88,1,3.95,613.728,802.7828047,477.28,593.2791462,0.44,50600
0.88,1,4,614.916,813.0062139,478.16,600.8330099,0.44,50600
0.89,0.99,3.8,610.27983,775.358166,474.7258,572.9597186,0.44055,50663.25
0.89,0.99,3.85,611.469315,785.6245674,475.6069,580.5446053,0.44055,50663.25
0.89,0.99,3.9,612.6588,795.8909689,476.488,588.1294921,0.44055,50663.25
0.89,0.99,3.95,613.848285,806.1573703,477.3691,595.7143788,0.44055,50663.25
0.89,0.99,4,615.03777,816.4237718,478.2502,603.2992655,0.44055,50663.25
0.9,0.98,3.8,610.3746,778.4795209,474.796,575.2088006,0.441,50715
0.9,0.98,3.85,611.5653,788.78727,475.678,582.8234786,0.441,50715
0.9,0.98,3.9,612.756,799.0950191,476.56,590.4381565,0.441,50715
0.9,0.98,3.95,613.9467,809.4027682,477.442,598.0528344,0.441,50715
0.9,0.98,4,615.1374,819.7105173,478.324,605.6675123,0.441,50715
0.91,0.97,3.8,610.44831,781.4766417,474.8506,577.3648012,0.44135,50755.25
0.91,0.97,3.85,611.639955,791.8240939,475.7333,585.0080385,0.44135,50755.25
0.91,0.97,3.9,612.8316,802.1715461,476.616,592.6512758,0.44135,50755.25
0.91,0.97,3.95,614.023245,812.5189983,477.4987,600.294513,0.44135,50755.25
0.91,0.97,4,615.21489,822.8664505,478.3814,607.9377503,0.44135,50755.25
0.92,0.96,3.8,610.50096,784.3495283,474.8896,579.4277202,0.4416,50784
0.92,0.96,3.85,611.69328,794.7350391,475.7728,587.0982851,0.4416,50784
0.92,0.96,3.9,612.8856,805.1205498,476.656,594.7688499,0.4416,50784
0.92,0.96,3.95,614.07792,815.5060606,477.5392,602.4394147,0.4416,50784
0.92,0.96,4,615.27024,825.8915713,478.4224,610.1099795,0.4416,50784
0.93,0.95,3.8,610.53255,787.0981809,474.913,581.3975578,0.44175,50801.25
0.93,0.95,3.85,611.725275,797.5201056,475.7965,589.0942183,0.44175,50801.25
0.93,0.95,3.9,612.918,807.9420303,476.68,596.7908788,0.44175,50801.25
0.93,0.95,3.95,614.110725,818.3639551,477.5635,604.4875393,0.44175,50801.25
0.93,0.95,4,615.30345,828.7858798,478.447,612.1841998,0.44175,50801.25
0.94,0.94,3.8,610.54308,789.7225994,474.9208,583.2743138,0.4418,50807
0.94,0.94,3.85,611.73594,800.1792935,475.8044,590.9958382,0.4418,50807
0.94,0.94,3.9,612.9288,810.6359877,476.688,598.7173626,0.4418,50807
0.94,0.94,3.95,614.12166,821.0926818,477.5716,606.438887,0.4418,50807
0.94,0.94,4,615.31452,831.5493759,478.4552,614.1604114,0.4418,50807
0.89,1,3.8,611.217,782.099588,475.42,577.9682771,0.445,51175
0.89,1,3.85,612.4185,792.455243,476.31,585.6194593,0.445,51175
0.89,1,3.9,613.62,802.8108981,477.2,593.2706415,0.445,51175
0.89,1,3.95,614.8215,813.1665531,478.09,600.9218237,0.445,51175
0.89,1,4,616.023,823.5222082,478.98,608.5730058,0.445,51175
0.9,0.99,3.8,611.3223,785.2966892,475.498,580.2736351,0.4455,51232.5
0.9,0.99,3.85,612.52515,795.6946947,476.389,587.9553534,0.4455,51232.5
0.9,0.99,3.9,613.728,806.0927003,477.28,595.6370716,0.4455,51232.5
0.9,0.99,3.95,614.93085,816.4907058,478.171,603.3187899,0.4455,51232.5
0.9,0.99,4,616.1337,826.8887114,479.062,611.0005081,0.4455,51232.5
0.91,0.98,3.8,611.40654,788.3695563,475.5604,582.4859116,0.4459,51278.5
0.91,0.98,3.85,612.61047,798.8082678,476.4522,590.1969341,0.4459,51278.5
0.91,0.98,3.9,613.8144,809.2469793,477.344,597.9079566,0.4459,51278.5
0.91,0.98,3.95,615.01833,819.6856908,478.2358,605.6189791,0.4459,51278.5
0.91,0.98,4,616.22226,830.1244023,479.1276,613.3300016,0.4459,51278.5
0.92,0.97,3.8,611.46972,791.3181892,475.6072,584.6051066,0.4462,51313
0.92,0.97,3.85,612.67446,801.7959621,476.4996,592.3442015,0.4462,51313
0.92,0.97,3.9,613.8792,812.273735,477.392,600.0832965,0.4462,51313
0.92,0.97,3.95,615.08394,822.7515079,478.2844,607.8223914,0.4462,51313
0.92,0.97,4,616.28868,833.2292808,479.1768,615.5614863,0.4462,51313
0.93,0.96,3.8,611.51184,794.1425881,475.6384,586.6312201,0.4464,51336
0.93,0.96,3.85,612.71712,804.6577779,476.5312,594.3971556,0.4464,51336
0.93,0.96,3.9,613.9224,815.1729676,477.424,602.1630911,0.4464,51336
0.93,0.96,3.95,615.12768,825.6881573,478.3168,609.9290266,0.4464,51336
0.93,0.96,4,616.33296,836.203347,479.2096,617.6949622,0.4464,51336
0.94,0.95,3.8,611.5329,796.8427529,475.654,588.5642521,0.4465,51347.5
0.94,0.95,3.85,612.73845,807.3937149,476.547,596.3557964,0.4465,51347.5
0.94,0.95,3.9,613.944,817.9446769,477.44,604.1473406,0.4465,51347.5
0.94,0.95,3.95,615.14955,828.4956389,478.333,611.9388849,0.4465,51347.5
0.94,0.95,4,616.3551,839.0466009,479.226,619.7304292,0.4465,51347.5
0.9,1,3.8,612.27,792.1138574,476.2,585.3384696,0.45,51750
0.9,1,3.85,613.485,802.6021195,477.1,593.0872282,0.45,51750
0.9,1,3.9,614.7,813.0903815,478,600.8359868,0.45,51750
0.9,1,3.95,615.915,823.5786435,478.9,608.5847454,0.45,51750
0.9,1,4,617.13,834.0669055,479.8,616.3335039,0.45,51750
0.91,0.99,3.8,612.36477,795.2624709,476.2702,587.607022,0.45045,51801.75
0.91,0.99,3.85,613.580985,805.7924417,477.1711,595.3858298,0.45045,51801.75
0.91,0.99,3.9,614.7972,816.3224125,478.072,603.1646375,0.45045,51801.75
0.91,0.99,3.95,616.013415,826.8523833,478.9729,610.9434452,0.45045,51801.75
0.91,0.99,4,617.22963,837.3823541,479.8738,618.7222529,0.45045,51801.75
0.92,0.98,3.8,612.43848,798.2868502,476.3248,589.782493,0.4508,51842
0.92,0.98,3.85,613.65564,808.8568852,477.2264,597.590118,0.4508,51842
0.92,0.98,3.9,614.8728,819.4269203,478.128,605.397743,0.4508,51842
0.92,0.98,3.95,616.08996,829.9969553,479.0296,613.2053681,0.4508,51842
0.92,0.98,4,617.30712,840.5669904,479.9312,621.0129931,0.4508,51842
0.93,0.97,3.8,612.49113,801.1869954,476.3638,591.8648824,0.45105,51870.75
0.93,0.97,3.85,613.708965,811.7954501,477.2659,599.7000929,0.45105,51870.75
0.93,0.97,3.9,614.9268,822.4039048,478.168,607.5353034,0.45105,51870.75
0.93,0.97,3.95,616.144635,833.0123596,479.0701,615.370514,0.45105,51870.75
0.93,0.97,4,617.36247,843.6208143,479.9722,623.2057245,0.45105,51870.75
0.94,0.96,3.8,612.52272,803.9629065,476.3872,593.8541903,0.4512,51888
0.94,0.96,3.85,613.74096,814.6081363,477.2896,601.7157545,0.4512,51888
0.94,0.96,3.9,614.9592,825.2533662,478.192,609.5773187,0.4512,51888
0.94,0.96,3.95,616.17744,835.898596,479.0944,617.4388829,0.4512,51888
0.94,0.96,4,617.39568,846.5438259,479.9968,625.300447,0.4512,51888
0.95,0.95,3.8,612.53325,806.6145834,476.395,595.7504167,0.45125,51893.75
0.95,0.95,3.85,613.751625,817.2949439,477.2975,603.6371028,0.45125,51893.75
0.95,0.95,3.9,614.97,827.9753043,478.2,611.5237888,0.45125,51893.75
0.95,0.95,3.95,616.188375,838.6556647,479.1025,619.4104748,0.45125,51893.75
0.95,0.95,4,617.40675,849.3360251,480.005,627.2971608,0.45125,51893.75
0.91,1,3.8,613.323,802.1553855,476.98,592.7281325,0.455,52325
0.91,1,3.85,614.5515,812.7766156,477.89,600.5747254,0.455,52325
0.91,1,3.9,615.78,823.3978457,478.8,608.4213184,0.455,52325
0.91,1,3.95,617.0085,834.0190758,479.71,616.2679113,0.455,52325
0.91,1,4,618.237,844.6403059,480.62,624.1145042,0.455,52325
0.92,0.99,3.8,613.40724,805.2555111,477.0424,594.9598793,0.4554,52371
0.92,0.99,3.85,614.63682,815.9178083,477.9532,602.8360345,0.4554,52371
0.92,0.99,3.9,615.8664,826.5801055,478.864,610.7121896,0.4554,52371
0.92,0.99,3.95,617.09598,837.2424027,479.7748,618.5883448,0.4554,52371
0.92,0.99,4,618.32556,847.9046999,480.6856,626.4644999,0.4554,52371
0.93,0.98,3.8,613.47042,808.2314026,477.0892,597.0985447,0.4557,52405.5
0.93,0.98,3.85,614.70081,818.9331223,478.0006,605.0030302,0.4557,52405.5
0.93,0.98,3.9,615.9312,829.6348421,478.912,612.9075158,0.4557,52405.5
0.93,0.98,3.95,617.16159,840.3365618,479.8234,620.8120013,0.4557,52405.5
0.93,0.98,4,618.39198,851.0382815,480.7348,628.7164868,0.4557,52405.5
0.94,0.97,3.8,613.51254,811.08306,477.1204,599.1441286,0.4559,52428.5
0.94,0.97,3.85,614.74347,821.8225577,478.0322,607.0757126,0.4559,52428.5
0.94,0.97,3.9,615.9744,832.5620554,478.944,615.0072967,0.4559,52428.5
0.94,0.97,3.95,617.20533,843.3015531,479.8558,622.9388808,0.4559,52428.5
0.94,0.97,4,618.43626,854.0410508,480.7676,630.8704649,0.4559,52428.5
0.95,0.96,3.8,613.5336,813.8104833,477.136,601.0966309,0.456,52440
0.95,0.96,3.85,614.7648,824.5861144,478.048,609.0540817,0.456,52440
0.95,0.96,3.9,615.996,835.3617455,478.96,617.0115325,0.456,52440
0.95,0.96,3.95,617.2272,846.1373767,479.872,624.9689833,0.456,52440
0.95,0.96,4,618.4584,856.9130078,480.784,632.9264341,0.456,52440
0.92,1,3.8,614.376,812.224172,477.76,600.1372657,0.46,52900
0.92,1,3.85,615.618,822.9787313,478.68,608.081951,0.46,52900
0.92,1,3.9,616.86,833.7332907,479.6,616.0266362,0.46,52900
0.92,1,3.95,618.102,844.4878501,480.52,623.9713215,0.46,52900
0.92,1,4,619.344,855.2424094,481.44,631.9160067,0.46,52900
0.93,0.99,3.8,614.44971,815.2758098,477.8146,602.332207,0.46035,52940.25
0.93,0.99,3.85,615.692655,826.0707946,478.7353,610.3059675,0.46035,52940.25
0.93,0.99,3.9,616.9356,836.8657793,479.656,618.2797281,0.46035,52940.25
0.93,0.99,3.95,618.178545,847.660764,480.5767,626.2534886,0.46035,52940.25
0.93,0.99,4,619.42149,858.4557488,481.4974,634.2272491,0.46035,52940.25
0.94,0.98,3.8,614.50236,818.2032135,477.8536,604.4340668,0.4606,52969
0.94,0.98,3.85,615.74598,829.0369791,478.7748,612.4356708,0.4606,52969
0.94,0.98,3.9,616.9896,839.8707447,479.696,620.4372748,0.4606,52969
0.94,0.98,3.95,618.23322,850.7045102,480.6172,628.4388787,0.4606,52969
0.94,0.98,4,619.47684,861.5382758,481.5384,636.4404827,0.4606,52969
0.95,0.97,3.8,614.53395,821.0063832,477.877,606.4428451,0.46075,52986.25
0.95,0.97,3.85,615.777975,831.877285,478.7985,614.4710607,0.46075,52986.25
0.95,0.97,3.9,617.022,842.7481868,479.72,622.4992763,0.46075,52986.25
0.95,0.97,3.95,618.266025,853.6190886,480.6415,630.5274919,0.46075,52986.25
0.95,0.97,4,619.51005,864.4899905,481.563,638.5557075,0.46075,52986.25
0.96,0.96,3.8,614.54448,823.6853187,477.8848,608.3585419,0.4608,52992
0.96,0.96,3.85,615.78864,834.5917122,478.8064,616.4121373,0.4608,52992
0.96,0.96,3.9,617.0328,845.4981057,479.728,624.4657327,0.4608,52992
0.96,0.96,3.95,618.27696,856.4044993,480.6496,632.519328,0.4608,52992
0.96,0.96,4,619.52112,867.3108928,481.5712,640.5729234,0.4608,52992
0.93,1,3.8,615.429,822.320217,478.54,607.5658693,0.465,53475
0.93,1,3.85,616.6845,833.2084668,479.47,615.6089048,0.465,53475
0.93,1,3.9,617.94,844.0967165,480.4,623.6519404,0.465,53475
0.93,1,3.95,619.1955,854.9849663,481.33,631.6949759,0.465,53475
0.93,1,4,620.451,865.873216,482.26,639.7380115,0.465,53475
0.94,0.99,3.8,615.49218,825.3233671,478.5868,609.7240051,0.4653,53509.5
0.94,0.99,3.85,616.74849,836.2514005,479.5174,617.7956289,0.4653,53509.5
0.94,0.99,3.9,618.0048,847.1794339,480.448,625.8672528,0.4653,53509.5
0.94,0.99,3.95,619.26111,858.1074673,481.3786,633.9388767,0.4653,53509.5
0.94,0.99,4,620.51742,869.0355008,482.3092,642.0105005,0.4653,53509.5
0.95,0.98,3.8,615.5343,828.202283,478.618,611.7890593,0.4655,53532.5
0.95,0.98,3.85,616.79115,839.1684555,479.549,619.8880397,0.4655,53532.5
0.95,0.98,3.9,618.048,850.1346281,480.48,627.9870201,0.4655,53532.5
0.95,0.98,3.95,619.30485,861.1008006,481.411,636.0860004,0.4655,53532.5
0.95,0.98,4,620.5617,872.0669731,482.342,644.1849808,0.4655,53532.5
0.96,0.97,3.8,615.55536,830.9569648,478.6336,613.761032,0.4656,53544
0.96,0.97,3.85,616.81248,841.9596319,479.5648,621.8861371,0.4656,53544
0.96,0.97,3.9,618.0696,852.962299,480.496,630.0112421,0.4656,53544
0.96,0.97,3.95,619.32672,863.9649661,481.4272,638.1363472,0.4656,53544
0.96,0.97,4,620.58384,874.9676332,482.3584,646.2614523,0.4656,53544
0.94,1,3.8,616.482,832.4435206,479.32,615.0139433,0.47,54050
0.94,1,3.85,617.751,843.4658219,480.26,623.1555871,0.47,54050
0.94,1,3.9,619.02,854.4881232,481.2,631.2972308,0.47,54050
0.94,1,3.95,620.289,865.5104244,482.14,639.4388746,0.47,54050
0.94,1,4,621.558,876.5327257,483.08,647.5805184,0.47,54050
0.95,0.99,3.8,616.53465,835.3981829,479.359,617.1352735,0.47025,54078.75
0.95,0.99,3.85,617.804325,846.4596261,480.2995,625.3050186,0.47025,54078.75
0.95,0.99,3.9,619.074,857.5210693,481.24,633.4747638,0.47025,54078.75
0.95,0.99,3.95,620.343675,868.5825126,482.1805,641.644509,0.47025,54078.75
0.95,0.99,4,621.61335,879.6439558,483.121,649.8142542,0.47025,54078.75
0.96,0.98,3.8,616.56624,838.228611,479.3824,619.1635222,0.4704,54096
0.96,0.98,3.85,617.83632,849.3275516,480.3232,627.3601369,0.4704,54096
0.96,0.98,3.9,619.1064,860.4264923,481.264,635.5567516,0.4704,54096
0.96,0.98,3.95,620.37648,871.5254329,482.2048,643.7533664,0.4704,54096
0.96,0.98,4,621.64656,882.6243736,483.1456,651.9499811,0.4704,54096
0.97,0.97,3.8,616.57677,840.9348051,479.3902,621.0986893,0.47045,54101.75
0.97,0.97,3.85,617.846985,852.0695985,480.3311,629.3209418,0.47045,54101.75
0.97,0.97,3.9,619.1172,863.204392,481.272,637.5431943,0.47045,54101.75
0.97,0.97,3.95,620.387415,874.3391855,482.2129,645.7654468,0.47045,54101.75
0.97,0.97,4,621.65763,885.473979,483.1538,653.9876993,0.47045,54101.75
0.95,1,3.8,617.535,842.5940827,480.1,622.4814877,0.475,54625
0.95,1,3.85,618.8175,853.7507967,481.05,630.7219976,0.475,54625
0.95,1,3.9,620.1,864.9075106,482,638.9625076,0.475,54625
0.95,1,3.95,621.3825,876.0642245,482.95,647.2030175,0.475,54625
0.95,1,4,622.665,887.2209385,483.9,655.4435275,0.475,54625
0.96,0.99,3.8,617.57712,845.5002572,480.1312,624.5660123,0.4752,54648
0.96,0.99,3.85,618.86016,856.6954714,481.0816,632.8341367,0.4752,54648
0.96,0.99,3.9,620.1432,867.8906856,482.032,641.1022611,0.4752,54648
0.96,0.99,3.95,621.42624,879.0858998,482.9824,649.3703855,0.4752,54648
0.96,0.99,4,622.70928,890.281114,483.9328,657.63851,0.4752,54648
0.97,0.98,3.8,617.59818,848.2821975,480.1468,626.5574554,0.4753,54659.5
0.97,0.98,3.85,618.88149,859.5142674,481.0974,634.8519624,0.4753,54659.5
0.97,0.98,3.9,620.1648,870.7463373,482.048,643.1464695,0.4753,54659.5
0.97,0.98,3.95,621.44811,881.9784072,482.9986,651.4409766,0.4753,54659.5
0.97,0.98,4,622.73142,893.2104771,483.9492,659.7354836,0.4753,54659.5
0.96,1,3.8,618.588,852.7719033,480.88,629.9685024,0.48,55200
0.96,1,3.85,619.884,864.0633911,481.84,638.3081365,0.48,55200
0.96,1,3.9,621.18,875.3548788,482.8,646.6477706,0.48,55200
0.96,1,3.95,622.476,886.6463666,483.76,654.9874047,0.48,55200
0.96,1,4,623.772,897.9378543,484.72,663.3270388,0.48,55200
0.97,0.99,3.8,618.61959,855.62959,480.9034,632.0162214,0.48015,55217.25
0.97,0.99,3.85,619.915995,866.9589363,481.8637,640.3829831,0.48015,55217.25
0.97,0.99,3.9,621.2124,878.2882826,482.824,648.7497447,0.48015,55217.25
0.97,0.99,3.95,622.508805,889.6176289,483.7843,657.1165063,0.48015,55217.25
0.97,0.99,4,623.80521,900.9469752,484.7446,665.483268,0.48015,55217.25
0.98,0.98,3.8,618.63012,858.3630426,480.9112,633.970859,0.4802,55223
0.98,0.98,3.85,619.92666,869.7286029,481.8716,642.3635163,0.4802,55223
0.98,0.98,3.9,621.2232,881.0941631,482.832,650.7561737,0.4802,55223
0.98,0.98,3.95,622.51974,892.4597234,483.7924,659.148831,0.4802,55223
0.98,0.98,4,623.81628,903.8252837,484.7528,667.5414883,0.4802,55223
0.97,1,3.8,619.641,862.9769825,481.66,637.4749875,0.485,55775
0.97,1,3.85,620.9505,874.4036052,482.63,645.9140037,0.485,55775
0.97,1,3.9,622.26,885.8302279,483.6,654.3530199,0.485,55775
0.97,1,3.95,623.5695,897.2568506,484.57,662.7920361,0.485,55775
0.97,1,4,624.879,908.6834733,485.54,671.2310523,0.485,55775
0.98,0.99,3.8,619.66206,865.7861814,481.6756,639.485901,0.4851,55786.5
0.98,0.99,3.85,620.97183,877.2500209,482.6458,647.9515578,0.4851,55786.5
0.98,0.99,3.9,622.2816,888.7138604,483.616,656.4172146,0.4851,55786.5
0.98,0.99,3.95,623.59137,900.1777,484.5862,664.8828714,0.4851,55786.5
0.98,0.99,4,624.90114,911.6415395,485.5564,673.3485282,0.4851,55786.5
0.98,1,3.8,620.694,873.2093202,482.44,645.000943,0.49,56350
0.98,1,3.85,622.017,884.771439,483.42,653.5395993,0.49,56350
0.98,1,3.9,623.34,896.3335577,484.4,662.0782555,0.49,56350
0.98,1,3.95,624.663,907.8956765,485.38,670.6169118,0.49,56350
0.98,1,4,625.986,919.4577953,486.36,679.1555681,0.49,56350
0.99,0.99,3.8,620.70453,875.9700313,482.4478,646.9750509,0.49005,56355.75
0.99,0.99,3.85,622.027665,887.5687252,483.4279,655.5398608,0.49005,56355.75
0.99,0.99,3.9,623.3508,899.1674191,484.408,664.1046708,0.49005,56355.75
0.99,0.99,3.95,624.673935,910.766113,485.3881,672.6694807,0.49005,56355.75
0.99,0.99,4,625.99707,922.3648069,486.3682,681.2342906,0.49005,56355.75
0.99,1,3.8,621.747,883.4689164,483.22,652.5463689,0.495,56925
0.99,1,3.85,623.0835,895.1668924,484.21,661.1849231,0.495,56925
0.99,1,3.9,624.42,906.8648684,485.2,669.8234774,0.495,56925
0.99,1,3.95,625.7565,918.5628444,486.19,678.4620317,0.495,56925
0.99,1,4,627.093,930.2608204,487.18,687.100586,0.495,56925
1,1,3.8,622.8,893.7557711,484,660.1112651,0.5,57500
1,1,3.85,624.15,905.5899655,485,668.8499754,0.5,57500
1,1,3.9,625.5,917.4241599,486,677.5886856,0.5,57500
1,1,3.95,626.85,929.2583542,487,686.3273959,0.5,57500
1,1,4,628.2,941.0925486,488,695.0661061,0.5,57500